step,loss
0,36414.44430541992
1,31986.48150062561
2,37657.777769088745
3,37243.1704788208
4,38805.967571258545
5,52434.21059036255
6,37796.06259918213
7,29158.442323684692
8,46947.56675720215
9,50200.23320770264
10,33145.36909675598
11,44032.14122962952
12,34315.095891952515
13,34227.26961326599
14,34038.88341712952
15,42560.65495300293
16,27598.405939102173
17,30889.047288894653
18,36687.53741645813
19,37058.75538063049
20,37971.43051528931
21,46934.92585372925
22,33718.516593933105
23,80857.26258659363
24,28665.1270236969
25,29265.642421722412
26,37226.63789367676
27,34164.01056289673
28,35284.55001831055
29,29382.82364845276
30,42514.292165756226
31,36625.12050628662
32,36287.70182418823
33,42144.08980178833
34,29441.036436080933
35,30692.060354232788
36,32281.21663093567
37,32153.752895355225
38,39085.77284240723
39,33949.56041717529
40,43525.7698097229
41,30358.573291778564
42,32900.130029678345
43,35908.319900512695
44,34452.51770401001
45,32422.11492729187
46,38707.33519363403
47,29698.789701461792
48,40649.96047210693
49,36460.89814567566
50,31858.02465248108
51,33341.84337615967
52,36679.16714286804
53,31305.054418563843
54,39852.82255744934
55,51376.13937950134
56,30791.20588684082
57,28388.333784103394
58,28392.7144947052
59,38174.86645889282
60,29088.972034454346
61,27378.51248550415
62,23688.492904663086
63,36818.318170547485
64,33221.26945114136
65,28415.905378341675
66,29709.39656829834
67,28127.247312545776
68,28564.41487121582
69,30132.94406890869
70,31882.92678451538
71,44862.020765304565
72,31867.611108779907
73,30568.57266998291
74,29575.994115829468
75,37385.97805404663
76,24970.12726020813
77,31641.27349090576
78,31178.794597625732
79,30185.966411590576
80,27398.942363739014
81,32471.316537857056
82,46404.79560661316
83,30958.210041999817
84,29901.118337631226
85,26882.654663085938
86,31874.10965156555
87,30548.880224227905
88,28672.521493911743
89,33930.493200302124
90,27397.493812561035
91,39195.89973068237
92,26229.803915023804
93,23238.1870803833
94,30691.585411071777
95,26461.993530273438
96,23215.685300827026
97,35216.017711639404
98,24666.45126724243
99,26889.329624176025
100,25226.046133041382
101,26942.418113708496
102,27882.647325515747
103,25453.945261001587
104,25197.87916946411
105,34216.80266571045
106,22279.66445350647
107,26918.735137939453
108,27419.83589553833
109,30423.821521759033
110,31848.295776367188
111,29352.286235809326
112,21281.25923347473
113,22690.66410255432
114,32482.997743606567
115,31252.022987365723
116,26414.49768638611
117,23390.138216018677
118,27014.825147628784
119,27371.08173751831
120,31031.66035079956
121,30333.70539855957
122,26207.136142730713
123,33387.3784828186
124,21864.31378364563
125,24667.249626159668
126,21064.41248512268
127,28395.12145423889
128,28499.309329986572
129,27508.9457988739
130,27321.070392608643
131,27790.452333450317
132,27230.329959869385
133,26180.503087997437
134,30058.07822227478
135,24498.704662322998
136,29401.68835067749
137,24697.553937911987
138,29410.885328292847
139,24631.00629234314
140,21641.848039627075
141,23295.945484161377
142,25621.952087402344
143,25457.989833831787
144,35413.697008132935
145,26240.86580467224
146,21451.17827606201
147,25109.420318603516
148,27701.75136756897
149,36127.92575645447
150,24173.20383644104
151,26722.67969894409
152,22720.185529708862
153,35486.40358161926
154,27200.918783187866
155,23685.55207633972
156,26320.370025634766
157,28875.97488594055
158,27739.963998794556
159,54615.11760139465
160,27963.026210784912
161,26062.411247253418
162,30732.70994567871
163,30729.8507270813
164,21769.811471939087
165,26625.806869506836
166,23542.897882461548
167,26686.890100479126
168,23341.817059516907
169,25022.430028915405
170,33377.25944328308
171,27216.151176452637
172,23735.367458343506
173,28744.009380340576
174,27657.11289215088
175,25865.1678276062
176,22590.531339645386
177,27038.78816795349
178,22225.761264801025
179,24244.140449523926
180,26244.969886779785
181,25363.75308418274
182,22793.34606552124
183,21587.116506576538
184,28749.154886245728
185,32210.78621864319
186,38653.08787345886
187,23039.48921585083
188,29641.65787601471
189,34597.9945602417
190,25800.151191711426
191,24904.042308807373
192,25211.615125656128
193,28673.741047859192
194,21775.936637878418
195,27192.617471694946
196,30941.68667602539
197,23525.47065925598
198,23293.75009918213
199,25832.686191558838
200,29294.535640716553
201,26088.222145080566
202,24510.353551864624
203,31998.63480949402
204,34374.02914619446
205,24159.51417160034
206,24197.899019241333
207,26150.049404144287
208,25934.99113368988
209,19951.258209228516
210,29219.160997390747
211,28412.419858932495
212,28482.157497406006
213,51919.415351867676
214,26514.61769771576
215,22200.130220413208
216,26030.56965637207
217,24918.868039131165
218,22370.736444473267
219,24050.070808410645
220,17830.45524406433
221,27800.554969787598
222,24737.03809261322
223,21351.405088424683
224,23735.93449115753
225,20340.683190345764
226,25122.31757926941
227,25534.870624542236
228,20415.727354049683
229,25651.600130081177
230,21951.70124721527
231,22896.49226951599
232,22180.207125663757
233,20721.10913658142
234,35391.37448310852
235,26260.93251991272
236,19708.99033355713
237,23793.575090408325
238,23572.124475479126
239,20951.022031784058
240,24754.273719787598
241,24906.871730804443
242,30910.639154434204
243,19306.355595588684
244,20393.885341644287
245,23496.155715942383
246,27444.46347427368
247,26174.412839889526
248,26937.968002319336
249,24688.81456565857
250,23371.392992019653
251,20860.124404907227
252,20792.817598342896
253,21070.07501220703
254,19564.96704673767
255,29412.38772392273
256,24375.186086654663
257,21751.769664764404
258,22178.309745788574
259,23152.475313186646
260,44222.1199092865
261,19641.558792114258
262,27194.564281463623
263,22540.7260055542
264,20696.8373336792
265,23262.32176399231
266,20306.516577720642
267,25156.63882637024
268,20196.244300842285
269,22472.091159820557
270,30403.30934906006
271,30440.750215530396
272,19936.793161392212
273,25516.75076675415
274,22365.135501861572
275,27742.306997299194
276,29188.175231933594
277,26795.25133419037
278,25906.42242050171
279,22192.912879943848
280,22090.983905792236
281,21375.647344589233
282,22130.23473739624
283,24718.65102481842
284,27106.52258491516
285,20379.185789108276
286,24310.699480056763
287,22288.765018463135
288,28624.591022491455
289,23883.32888031006
290,25407.397497177124
291,25770.476308822632
292,20067.996292114258
293,30424.851238250732
294,20956.79495048523
295,24713.46100616455
296,21505.52539253235
297,20261.86822128296
298,19596.082181930542
299,20042.92414855957
300,19169.1116065979
301,27571.570823669434
302,20398.867394447327
303,23607.413940429688
304,19172.69845199585
305,17465.943818092346
306,20157.304512023926
307,20554.360525131226
308,19130.446338653564
309,24497.45353794098
310,20174.342186927795
311,25149.581005096436
312,19673.134225845337
313,19562.154821395874
314,34815.562284469604
315,17823.29057788849
316,20162.72109603882
317,18612.26265525818
318,24829.951028823853
319,27873.849948883057
320,22596.96142578125
321,26083.088150024414
322,20465.543045043945
323,26308.14419746399
324,19334.840690612793
325,19764.28671836853
326,22471.90176296234
327,21683.55556678772
328,29153.72627067566
329,20879.237367630005
330,20637.84414291382
331,17634.709449768066
332,23892.244055747986
333,20013.384852409363
334,20313.61071205139
335,22042.344497680664
336,23014.832153320312
337,23800.605646133423
338,19969.382142066956
339,26752.928785324097
340,25967.55115890503
341,19856.173780441284
342,30280.50085067749
343,21789.444190979004
344,25086.711694717407
345,19715.992590904236
346,20249.314732551575
347,20740.27834224701
348,28400.021368026733
349,17957.045930862427
350,20251.705328941345
351,17473.045083999634
352,19222.287992477417
353,20234.782037734985
354,20560.688945770264
355,21268.46072769165
356,22258.54119491577
357,22055.255752563477
358,18650.77663040161
359,20508.71988582611
360,16490.807067871094
361,17015.4829082489
362,55310.61994552612
363,23348.759323120117
364,18779.03180885315
365,28718.95629310608
366,18867.500267982483
367,20376.1312789917
368,27514.20930671692
369,20132.104272842407
370,22666.63740348816
371,20608.59432220459
372,29932.76501941681
373,21141.252161026
374,16686.721281051636
375,19973.612213134766
376,20034.10958957672
377,19459.079399108887
378,24211.500047683716
379,19664.847188949585
380,19176.741554260254
381,23351.14365196228
382,24498.474495887756
383,24332.603355407715
384,27316.731302261353
385,21815.607864379883
386,22463.92055606842
387,26673.937147140503
388,19392.239965438843
389,21860.607984542847
390,18880.176597595215
391,23603.657097816467
392,19752.572129249573
393,19139.508834838867
394,23198.361419677734
395,18883.78998184204
396,24891.365411758423
397,24345.9596118927
398,24221.515827178955
399,19652.85610961914
400,21379.224840164185
401,23500.289532661438
402,21502.839637756348
403,20739.224413871765
404,22778.85845184326
405,23718.65361404419
406,19009.081504821777
407,23485.203636169434
408,17706.682024002075
409,19863.99277114868
410,21367.877205848694
411,20492.763019561768
412,19861.136889457703
413,18130.399310112
414,21522.40690422058
415,16730.117316246033
416,20084.57557964325
417,19721.630075454712
418,21373.36906337738
419,18273.815024375916
420,17672.965105056763
421,21233.352075576782
422,16626.646406173706
423,20970.110728263855
424,18173.235264778137
425,58101.25344085693
426,21307.969608306885
427,19642.123929977417
428,14282.27698135376
429,21314.430607795715
430,24481.230377197266
431,23659.62996864319
432,19764.118753433228
433,21727.425659179688
434,19140.285071372986
435,24570.060549736023
436,22037.901496887207
437,18400.897431373596
438,23500.901889801025
439,17768.796335220337
440,23023.37796497345
441,17000.497517585754
442,28412.580786705017
443,19909.54727935791
444,17203.831874847412
445,14618.733619689941
446,18960.1455411911
447,21522.5060005188
448,16889.598741531372
449,20438.48988056183
450,18129.342593193054
451,21648.348203659058
452,21059.325023651123
453,18522.89063167572
454,18247.766061782837
455,15279.469581604004
456,21361.37448978424
457,17970.47156906128
458,16936.625038146973
459,15325.06499004364
460,20730.242880821228
461,21646.2704744339
462,17796.03542327881
463,17807.63686466217
464,19437.999146461487
465,20677.25891685486
466,19810.262201309204
467,24206.36933517456
468,18997.78604888916
469,20462.988849639893
470,20472.147527694702
471,21546.599012374878
472,18386.023504257202
473,19008.227926254272
474,19736.39134311676
475,19256.216459274292
476,20070.229417800903
477,26120.471552848816
478,19239.34196472168
479,19040.79348373413
480,14877.369986534119
481,20273.097646713257
482,16309.738554954529
483,18469.55434513092
484,22910.05924797058
485,18859.732717514038
486,18824.748673439026
487,18223.190049171448
488,17479.63185119629
489,16532.664419174194
490,19699.854751586914
491,20433.11472415924
492,19049.479565620422
493,16523.76113510132
494,21914.256340026855
495,19022.999061584473
496,16166.123574256897
497,18109.83063030243
498,28132.862867355347
499,17131.745962142944
500,21720.16392326355
501,18826.848987579346
502,17239.609283447266
503,20341.362182617188
504,16487.399265289307
505,17918.640937805176
506,18968.156023025513
507,18679.846355438232
508,17717.273307800293
509,25710.064643859863
510,47501.16553401947
511,21127.61034965515
512,18563.38066959381
513,23260.592439174652
514,18632.34698677063
515,20051.949540138245
516,18195.21232318878
517,21163.83417415619
518,16201.11145401001
519,18840.645285606384
520,19514.095385551453
521,18684.12930870056
522,16056.498559951782
523,19458.37557029724
524,20985.800106048584
525,26356.734943389893
526,19975.569674491882
527,19344.374952316284
528,21573.115573883057
529,24015.53736591339
530,18179.365856170654
531,19758.398922920227
532,21605.814823150635
533,16850.241936683655
534,17793.946853637695
535,19128.550323486328
536,19772.86504840851
537,22075.513889312744
538,19839.267156600952
539,18418.477312088013
540,16599.28867340088
541,17344.217880249023
542,15778.830430984497
543,17692.801195144653
544,15883.835914611816
545,14731.844758033752
546,17831.678626060486
547,17931.287172317505
548,15442.78409576416
549,17291.632759571075
550,16126.668367385864
551,15843.754988193512
552,21194.514424324036
553,20126.51997947693
554,29066.09246635437
555,17649.738198280334
556,15984.459652900696
557,16834.555939674377
558,19865.548782348633
559,19634.212419509888
560,17844.977619171143
561,18519.54162788391
562,21511.878370285034
563,19656.205709457397
564,18367.165056228638
565,16220.385941505432
566,21202.5142660141
567,15751.384432792664
568,17834.521867752075
569,19648.05698776245
570,20405.277863502502
571,19931.640258789062
572,16630.523550987244
573,16023.40383720398
574,15581.259943008423
575,22028.961164474487
576,43135.9911737442
577,18060.422380447388
578,19604.249360084534
579,22986.430200576782
580,16684.11302280426
581,17895.02144050598
582,14552.149147033691
583,16967.084859848022
584,17389.542273521423
585,17862.90692806244
586,20028.609786987305
587,17977.40961742401
588,18243.72741127014
589,15334.454856872559
590,17857.583186149597
591,18203.980756759644
592,16598.534353256226
593,17616.58167743683
594,20272.41051673889
595,18087.57079601288
596,15977.811533927917
597,17686.414011478424
598,14794.954635620117
599,17136.799036979675
600,19849.006938934326
601,15964.176118850708
602,16518.99954032898
603,15698.96778011322
604,17214.058965682983
605,14358.773816108704
606,16973.199073791504
607,16101.592960357666
608,17607.680368423462
609,31301.39706993103
610,15385.240741729736
611,18371.952713012695
612,16525.429801940918
613,16992.945014953613
614,16035.711763381958
615,14917.591299057007
616,15333.532483100891
617,16931.291053771973
618,17758.74308681488
619,16891.371633529663
620,17853.97177886963
621,16739.46664237976
622,15427.297719955444
623,17862.5266828537
624,15243.294489860535
625,21018.47908592224
626,16927.347427368164
627,14998.769432067871
628,20315.328585624695
629,20836.34480381012
630,16280.614288330078
631,16466.418661117554
632,16516.752880096436
633,16397.926612854004
634,22443.2594165802
635,19145.287549972534
636,21854.65990638733
637,16836.23472213745
638,14480.616313934326
639,20691.224745750427
640,19674.239515304565
641,15263.98867893219
642,17406.4038105011
643,22408.5772857666
644,15860.636415481567
645,14228.497674942017
646,15264.691202163696
647,14869.377914428711
648,20705.60557460785
649,18322.486050605774
650,18780.55351448059
651,14528.327838897705
652,17711.295705795288
653,15124.706856250763
654,13165.280665397644
655,16952.884100914
656,18283.991562843323
657,16090.254542350769
658,15637.882829666138
659,15822.570293426514
660,17875.65975379944
661,16504.717924118042
662,13814.873086452484
663,18461.594098091125
664,18571.295797348022
665,25847.626111984253
666,16912.817227363586
667,15355.551613330841
668,14719.99089050293
669,16591.697666168213
670,16574.45667076111
671,19368.522874832153
672,15416.932105064392
673,14251.693171024323
674,17516.398215293884
675,23816.273750305176
676,18185.533482551575
677,17214.43550300598
678,14584.458361148834
679,14440.429811477661
680,17929.293250083923
681,17204.197279930115
682,18818.304100990295
683,18139.675492286682
684,15203.98639011383
685,19455.30851125717
686,16637.586696624756
687,17013.149879455566
688,14697.23332118988
689,16697.071933746338
690,17485.476624965668
691,18071.408221244812
692,18673.270403862
693,13659.633655548096
694,18496.256978988647
695,19556.181288719177
696,19132.23693752289
697,14193.297379493713
698,17560.429579734802
699,19301.833168029785
700,17104.30912923813
701,14858.901048660278
702,18537.966722488403
703,18987.111090660095
704,15504.9751663208
705,16035.521475791931
706,17485.14429473877
707,15151.318374633789
708,15820.734237670898
709,18085.87366104126
710,16318.522497177124
711,15721.90908241272
712,16157.002651691437
713,16012.715762138367
714,14596.243667125702
715,14981.728707313538
716,18280.78098487854
717,14421.493502616882
718,17321.30719280243
719,19771.353583335876
720,21790.922296524048
721,15996.329155921936
722,18112.11679458618
723,14815.553515434265
724,14652.021198272705
725,15618.812773704529
726,13747.001133918762
727,16761.2527885437
728,18585.60821533203
729,15912.441455841064
730,13619.263605117798
731,20127.72032213211
732,16869.345739364624
733,15899.550312042236
734,15928.946943283081
735,16014.492897033691
736,18156.02708721161
737,16091.934969902039
738,17515.152198791504
739,15020.572840690613
740,17883.61145210266
741,14576.387572288513
742,15439.079205513
743,17310.159057617188
744,15011.966418266296
745,15091.062116622925
746,13900.714767456055
747,17176.221289634705
748,14948.172201633453
749,13792.31118106842
750,14048.877169132233
751,17468.96787071228
752,16807.093200683594
753,19150.616424560547
754,16824.198451042175
755,15473.527172088623
756,15162.517053604126
757,19174.40174484253
758,18143.463832855225
759,14888.392393112183
760,17259.19558906555
761,17273.54181957245
762,19971.465586662292
763,15052.892154693604
764,15478.02829694748
765,14198.830545425415
766,19146.44031047821
767,16536.143920898438
768,18800.603596687317
769,16017.526228904724
770,16739.521503448486
771,21215.70911502838
772,17603.041613578796
773,15613.133263587952
774,16829.690088748932
775,16458.720905303955
776,13483.383472442627
777,19411.945130825043
778,16457.675443649292
779,15928.264052391052
780,15555.046527862549
781,16991.97567176819
782,18257.62677383423
783,17186.07261633873
784,15432.645258426666
785,16461.815128326416
786,14789.597333908081
787,18326.587873458862
788,15038.254413604736
789,22585.99351501465
790,14987.177387237549
791,13910.436788082123
792,15896.514346122742
793,16331.337467193604
794,14115.441388607025
795,19955.365159988403
796,17819.04337120056
797,17904.70139312744
798,15248.975613594055
799,15682.080821990967
800,13777.607202529907
801,15685.023065567017
802,19541.59014558792
803,16062.644882202148
804,18431.85246372223
805,17127.523693084717
806,14110.172724723816
807,17683.674478054047
808,17513.77232170105
809,18438.67539858818
810,16740.875102996826
811,17619.94227218628
812,15218.988822937012
813,15080.68242263794
814,15248.822783470154
815,21799.483162879944
816,17406.406393051147
817,15192.769025802612
818,14775.24917602539
819,15370.775424003601
820,16951.552216529846
821,15576.137428283691
822,16587.420052051544
823,13891.743607521057
824,18127.780294895172
825,14339.692541122437
826,16422.945735931396
827,16193.342734336853
828,17949.143661499023
829,18597.06951904297
830,15060.593976020813
831,15801.232490062714
832,16720.583300590515
833,14458.685368537903
834,13354.177394390106
835,16502.547423362732
836,14370.608572006226
837,14265.762601852417
838,17814.30911397934
839,18805.597268104553
840,16998.893719673157
841,13745.249976158142
842,19021.38702583313
843,15310.894036531448
844,13774.7068567276
845,20077.17042160034
846,12573.164210319519
847,13642.813236236572
848,15564.237958908081
849,20065.006116867065
850,16417.91774892807
851,18938.65333175659
852,16212.593428134918
853,14826.44490480423
854,15817.826454162598
855,17176.816081523895
856,19319.32670402527
857,16079.163708686829
858,17271.384112358093
859,13379.33120059967
860,17967.937153816223
861,16296.538661003113
862,13907.797258377075
863,14106.192657470703
864,14006.70101070404
865,13779.840139389038
866,14438.723779201508
867,15516.553935050964
868,15571.341861724854
869,22219.73251438141
870,15880.838691711426
871,14152.217957735062
872,13863.711513519287
873,18304.70382833481
874,16988.52258872986
875,14251.312599182129
876,14037.629068374634
877,15172.644698143005
878,14853.71560049057
879,25645.98730134964
880,14221.967203140259
881,14806.846044063568
882,13745.31239414215
883,13238.450742721558
884,15147.59178853035
885,14285.069120883942
886,16067.17669582367
887,14485.289678573608
888,14945.37792801857
889,15191.686679840088
890,17584.756866455078
891,16818.977724552155
892,14289.14820098877
893,14598.798261642456
894,16575.224235534668
895,13974.847742080688
896,13262.68964767456
897,18314.928312778473
898,14711.55647945404
899,16733.664167404175
900,24966.1994805336
901,29819.333042144775
902,14534.974436759949
903,22631.080711364746
904,17325.58376312256
905,16736.6767578125
906,17783.645525932312
907,14696.328327655792
908,14676.346596240997
909,15496.653100013733
910,17232.652572155
911,15236.460088729858
912,15273.720983505249
913,15168.818227767944
914,15757.203281879425
915,16802.457490444183
916,15714.13931941986
917,15988.400712490082
918,15009.380623817444
919,14016.690165519714
920,16600.266795635223
921,20806.849744796753
922,15011.797313690186
923,13316.304635047913
924,15487.522030353546
925,14076.699645757675
926,16530.20445919037
927,16126.112212181091
928,15789.014900922775
929,17186.961035728455
930,17173.217776298523
931,15533.584284305573
932,15317.000391960144
933,18043.54294347763
934,15014.373798847198
935,16383.071756362915
936,16770.210755348206
937,12276.705975532532
938,13734.839020252228
939,18315.873118400574
940,20319.864513397217
941,15218.722047805786
942,13039.475005149841
943,18014.682859420776
944,14768.582668304443
945,14918.06351184845
946,13291.078817367554
947,18252.79260492325
948,13897.960792541504
949,14756.514746904373
950,15682.21471118927
951,12807.314670562744
952,14978.072810173035
953,17688.889456748962
954,16827.451779842377
955,32766.030378341675
956,17840.470731258392
957,14472.410899162292
958,14012.693220376968
959,16044.02705669403
960,12939.55731523037
961,17593.91426372528
962,14924.335927963257
963,14536.441969871521
964,14241.610209941864
965,12683.106008052826
966,14959.050539016724
967,14004.00355052948
968,15890.443169593811
969,15185.788166999817
970,14793.250759124756
971,13500.826858520508
972,13465.293791294098
973,15030.516691207886
974,15745.166155576706
975,16717.94053030014
976,13253.529900550842
977,14838.132197380066
978,13517.953788757324
979,15802.893673419952
980,14407.091167449951
981,17171.217495918274
982,13800.076932430267
983,15710.055799007416
984,14732.238584518433
985,14929.292331695557
986,14506.069566726685
987,15007.78117275238
988,16126.068685531616
989,14607.32533454895
990,16149.913346767426
991,17231.103947162628
992,13894.241666793823
993,14372.329014003277
994,14169.60080909729
995,15492.966502189636
996,15264.948650360107
997,12738.31547665596
998,13494.987792015076
999,15601.631412029266
1000,13596.430069446564
1001,17777.48903465271
1002,19250.38640022278
1003,20829.099110126495
1004,14693.374220371246
1005,14163.611786603928
1006,13789.959031581879
1007,14647.358824968338
1008,16672.443541526794
1009,13499.841465950012
1010,16517.006872177124
1011,13467.442003250122
1012,16406.62556886673
1013,14307.167812347412
1014,17006.592735290527
1015,15602.468678951263
1016,19363.586221694946
1017,16225.943151712418
1018,16004.15543860197
1019,14398.499168872833
1020,14747.0347738266
1021,16345.457960128784
1022,14217.670682430267
1023,14895.382383823395
1024,14562.981606960297
1025,13967.449472427368
1026,14885.372931480408
1027,15136.62420129776
1028,14670.045794010162
1029,13538.689304828644
1030,13349.12816810608
1031,13488.473230361938
1032,13973.480242967606
1033,15388.013570785522
1034,14147.320113182068
1035,16568.90729546547
1036,13037.58426451683
1037,12601.232301712036
1038,14465.202847957611
1039,15425.662432670593
1040,14510.970157623291
1041,13144.014837265015
1042,13490.454953193665
1043,12700.728264808655
1044,14054.510973632336
1045,14279.993185043335
1046,14358.807677984238
1047,14202.711912155151
1048,13616.25237417221
1049,14677.821117639542
1050,19666.914311170578
1051,13719.29885673523
1052,23937.05528306961
1053,14037.299372434616
1054,15026.723250865936
1055,14972.065580129623
1056,13426.864845275879
1057,13206.531768798828
1058,16122.222390174866
1059,14680.51511001587
1060,12516.849786758423
1061,13923.154029369354
1062,17888.921025276184
1063,16403.830159187317
1064,15662.87422466278
1065,12979.335395812988
1066,14917.82416343689
1067,14396.029692173004
1068,13718.977484285831
1069,15845.357239603996
1070,12558.587364196777
1071,17217.743722438812
1072,14738.50042963028
1073,12786.325223088264
1074,15148.095559120178
1075,12801.12475156784
1076,13910.987541675568
1077,14575.94746017456
1078,15277.041589260101
1079,15691.920412063599
1080,17729.292315006256
1081,16345.51372051239
1082,16471.311656951904
1083,14566.659507274628
1084,15453.494996547699
1085,13851.170749664307
1086,13205.519328832626
1087,13244.023115634918
1088,15766.296864509583
1089,12409.737571716309
1090,13715.99263817072
1091,16524.978905677795
1092,13204.641149044037
1093,14408.821290493011
1094,14273.172993659973
1095,13599.301891326904
1096,17826.266302108765
1097,16106.724149107933
1098,13296.730003118515
1099,12505.309378623962
1100,15196.265327870846
1101,13251.515671730042
1102,13600.208838760853
1103,18256.134422302246
1104,13322.940004348755
1105,14909.062601089478
1106,13426.957132816315
1107,14637.628310203552
1108,15328.785664021969
1109,14407.59315419197
1110,15399.400101661682
1111,14780.925457000732
1112,12780.632016181946
1113,13181.960547208786
1114,16378.632737159729
1115,13759.27266740799
1116,14455.778046607971
1117,13425.720415830612
1118,13428.91554403305
1119,16327.666890144348
1120,13656.577315330505
1121,14220.909698009491
1122,12919.216772079468
1123,14448.845199108124
1124,18063.067356586456
1125,15038.888087272644
1126,15112.738934755325
1127,16550.079476356506
1128,14349.130412101746
1129,13907.942662000656
1130,12921.164373636246
1131,16575.896791934967
1132,14263.854837417603
1133,15207.624390602112
1134,14766.82996559143
1135,13037.749677658081
1136,16383.017340660095
1137,13646.16372871399
1138,14728.661472320557
1139,14516.955379366875
1140,15281.653607845306
1141,13875.641990661621
1142,14876.284622907639
1143,16320.735679149628
1144,15718.798336029053
1145,15329.556342124939
1146,15828.97470331192
1147,13829.513770103455
1148,15846.26991891861
1149,13146.26366853714
1150,14749.165010154247
1151,12379.564103126526
1152,13359.516520500183
1153,17659.781276226044
1154,13279.75059223175
1155,13679.818543195724
1156,15007.7067861557
1157,16155.721457958221
1158,13363.055255889893
1159,12892.41419172287
1160,12995.112014770508
1161,14284.149807810783
1162,13109.175728321075
1163,13963.444835662842
1164,13484.957755088806
1165,13931.09622657299
1166,12520.847212314606
1167,13435.798039913177
1168,19536.408170700073
1169,13242.166711330414
1170,14040.510049700737
1171,14239.673063755035
1172,13770.196072340012
1173,13402.442552626133
1174,13360.258255958557
1175,13119.02695941925
1176,13783.94378232956
1177,13233.290318489075
1178,12371.666748642921
1179,16562.57995724678
1180,16352.72922372818
1181,12809.157754898071
1182,14673.280779361725
1183,14892.661834716797
1184,15410.389162778854
1185,14867.692921757698
1186,13770.573010444641
1187,15633.98062324524
1188,13407.055347681046
1189,16609.344071388245
1190,12888.474595069885
1191,13736.374777913094
1192,12447.61126279831
1193,14729.354947090149
1194,14613.332681655884
1195,13128.416747927666
1196,12912.06322479248
1197,13289.030560016632
1198,15749.659401893616
1199,14161.675798416138
1200,12575.708248138428
1201,14727.114258766174
1202,13453.735907435417
1203,13783.890125751495
1204,13506.19591653347
1205,14623.062675237656
1206,13378.83444750309
1207,12686.862778782845
1208,12831.275845527649
1209,15162.3945479393
1210,12454.079645037651
1211,13158.332282066345
1212,11876.396787166595
1213,12634.868058383465
1214,16853.353359222412
1215,16078.175297260284
1216,13392.938945114613
1217,13242.704939484596
1218,15255.970481097698
1219,16456.192598819733
1220,12799.377115249634
1221,14990.077861070633
1222,13049.139529705048
1223,14528.531540870667
1224,14004.17131948471
1225,12332.311586380005
1226,12612.500963687897
1227,15742.946969509125
1228,13507.195624351501
1229,13868.099104464054
1230,14555.63391059637
1231,16931.296983718872
1232,12998.508534908295
1233,12829.492964744568
1234,20794.760696411133
1235,12587.155737400055
1236,22367.181017816067
1237,15725.11544585228
1238,13621.936822652817
1239,15350.220630645752
1240,16687.659016132355
1241,15553.069153249264
1242,14397.154921531677
1243,13656.545513153076
1244,13621.643690824509
1245,13616.40944468975
1246,15768.316456377506
1247,16383.640181541443
1248,14079.329281806946
1249,12952.176672577858
1250,13888.962284564972
1251,12218.112684488297
1252,15548.433599472046
1253,13878.242509841919
1254,15161.542437076569
1255,13545.436623930931
1256,12522.81666764617
1257,13699.14073562622
1258,12640.081961214542
1259,14041.92558670044
1260,12786.802236437798
1261,12449.259334087372
1262,21408.71203660965
1263,16270.025537967682
1264,14414.487495422363
1265,13331.259733438492
1266,13699.168049573898
1267,14205.246449947357
1268,12172.963145256042
1269,14950.278364181519
1270,13107.892034292221
1271,13986.178680896759
1272,14510.954516172409
1273,14530.539152145386
1274,12986.522582232952
1275,12771.046094298363
1276,12661.321684122086
1277,13071.759999513626
1278,15513.885009527206
1279,14111.380738079548
1280,13538.183109760284
1281,13393.685469388962
1282,12203.254655241966
1283,14459.219115614891
1284,12306.217537164688
1285,13249.838316202164
1286,15655.84581398964
1287,13604.096177339554
1288,12466.933692216873
1289,15403.448647499084
1290,13143.311443567276
1291,13722.848387479782
1292,13112.390665769577
1293,12305.7942943573
1294,29859.14310014248
1295,12577.847003757954
1296,13958.793747663498
1297,14935.369758963585
1298,15890.186452925205
1299,12981.14042520523
1300,13738.231857299805
1301,14307.999519109726
1302,13236.368695139885
1303,12832.69866514206
1304,12549.06126999855
1305,14676.850622653961
1306,14730.507642269135
1307,12837.544021368027
1308,14114.361220240593
1309,13246.757490813732
1310,15666.363987088203
1311,12965.648969173431
1312,14705.475197851658
1313,12606.324468195438
1314,16050.483569145203
1315,12663.195481300354
1316,13952.860111773014
1317,12237.1239772439
1318,12725.980502843857
1319,12909.913228034973
1320,13718.422409057617
1321,14094.561093330383
1322,13529.682096779346
1323,16319.98569047451
1324,13290.839233398438
1325,15903.278697490692
1326,13890.870173215866
1327,14370.146664142609
1328,15041.28939384222
1329,13992.553395271301
1330,12978.724654436111
1331,15172.525277137756
1332,14769.193843126297
1333,14741.116105675697
1334,13040.709595680237
1335,13303.231299519539
1336,15543.546169281006
1337,12153.47118639946
1338,12962.472170650959
1339,17299.517709732056
1340,12771.310382723808
1341,12446.635372877121
1342,12475.278341412544
1343,15443.242801427841
1344,13143.511830806732
1345,13849.17364782095
1346,13419.981287956238
1347,17371.092330932617
1348,14453.596299290657
1349,12373.92260503769
1350,13429.170007288456
1351,12796.089974880219
1352,12566.485053539276
1353,13610.56549692154
1354,14122.910469532013
1355,13760.145320415497
1356,14972.336368083954
1357,13361.455091953278
1358,15329.913620948792
1359,12622.48037815094
1360,14949.803920269012
1361,14606.355859279633
1362,14415.996468186378
1363,16318.18987107277
1364,14245.63294672966
1365,13641.00698709488
1366,12694.747440695763
1367,13262.4622194767
1368,18945.57732105255
1369,12765.618118047714
1370,12846.194520950317
1371,15075.225758552551
1372,14320.5338306427
1373,13600.933161735535
1374,14785.046718776226
1375,13342.543058931828
1376,13000.584154963493
1377,14132.011401295662
1378,12737.40644800663
1379,11976.455994307995
1380,13064.52802991867
1381,13428.726239323616
1382,13253.477237224579
1383,13348.201443433762
1384,13032.460433006287
1385,16246.666027188301
1386,12859.500833034515
1387,15258.613049030304
1388,13826.590858459473
1389,13793.720391750336
1390,12966.833942890167
1391,13056.817797064781
1392,12691.561252951622
1393,13650.63674068451
1394,16458.179194927216
1395,12561.944066524506
1396,12420.969806194305
1397,18623.012768268585
1398,15979.669786155224
1399,13238.370272278786
1400,25316.063037514687
1401,13305.711114883423
1402,12476.480596780777
1403,18263.96359062195
1404,14168.057958483696
1405,12943.618049740791
1406,13892.433949947357
1407,14359.79126226902
1408,12703.25401687622
1409,16841.104289650917
1410,14967.382559299469
1411,14682.305841326714
1412,17433.302656412125
1413,14900.805391311646
1414,13979.055393218994
1415,16522.101251363754
1416,13466.48688673973
1417,14980.508042812347
1418,14973.128400325775
1419,16029.393680095673
1420,14899.807145118713
1421,15006.430508375168
1422,12216.657563984394
1423,11811.122588634491
1424,13003.648596525192
1425,11971.263985574245
1426,14906.05986404419
1427,11834.910057067871
1428,12693.914315462112
1429,14566.010995984077
1430,12265.618340194225
1431,12527.443418383598
1432,12991.737560272217
1433,16425.467670202255
1434,11835.793924927711
1435,12491.407900571823
1436,12278.371285438538
1437,12965.196752250195
1438,13474.729923009872
1439,12458.154443979263
1440,12048.6683883667
1441,13512.218152582645
1442,12451.654032707214
1443,14100.469854354858
1444,15733.988985300064
1445,13158.750566244125
1446,13864.479088544846
1447,13747.770654678345
1448,15176.307199120522
1449,13701.613554000854
1450,11930.705952644348
1451,12483.060904502869
1452,15441.209626674652
1453,12898.058140873909
1454,15384.509488105774
1455,13833.662468671799
1456,13081.859198093414
1457,12536.808699131012
1458,13137.062215089798
1459,14012.449012756348
1460,13991.30931687355
1461,12934.244331359863
1462,13550.829042196274
1463,13629.559151768684
1464,15205.774373292923
1465,15986.312737703323
1466,13441.146586418152
1467,13731.650386810303
1468,15933.01878118515
1469,11681.39392542839
1470,12907.64556980133
1471,13822.865108013153
1472,11611.117412567139
1473,12649.272555828094
1474,14776.012654304504
1475,14795.016616344452
1476,12239.89832496643
1477,12040.322999715805
1478,14244.353992462158
1479,12821.14446902275
1480,13453.716183781624
1481,16449.037818193436
1482,16343.902277708054
1483,12933.908863544464
1484,12384.746933937073
1485,12375.798861980438
1486,13987.622200489044
1487,14861.000357151031
1488,12904.603295564651
1489,12585.584862232208
1490,12139.108224749565
1491,12668.586693584919
1492,13732.209075331688
1493,12486.308169603348
1494,15129.69557762146
1495,13782.86106967926
1496,14269.776671886444
1497,14172.502757787704
1498,12893.278507947922
1499,13998.37815952301
1500,11836.142738819122
1501,12043.260961055756
1502,12492.048176586628
1503,14168.672633647919
1504,12835.129498243332
1505,12885.178484976292
1506,12390.91886973381
1507,12926.521364688873
1508,12585.77559041977
1509,23443.401924848557
1510,12670.909671783447
1511,12427.875799536705
1512,13530.442519664764
1513,15161.648941278458
1514,12610.711863338947
1515,13427.40054178238
1516,12296.5513048172
1517,15558.814504027367
1518,13494.589953899384
1519,12956.223932266235
1520,12664.129984140396
1521,13350.718950033188
1522,13099.733864247799
1523,13018.542974472046
1524,14009.343431949615
1525,12555.78917312622
1526,12545.211817264557
1527,14999.072637081146
1528,12818.152403593063
1529,12284.543294429779
1530,13432.016613960266
1531,14294.436160087585
1532,12220.351422309875
1533,12991.164659500122
1534,13850.605684757233
1535,12420.278934955597
1536,13254.46166229248
1537,12868.492486476898
1538,12694.378045916557
1539,13269.437767028809
1540,12490.380185008049
1541,12152.563541054726
1542,12306.530249357224
1543,12235.463665366173
1544,12857.58265209198
1545,14459.233402073383
1546,13547.153898477554
1547,25267.021604537964
1548,12746.720836281776
1549,13352.94119232893
1550,12709.311456978321
1551,15096.191144227982
1552,13105.702154397964
1553,12726.687931537628
1554,12339.13697719574
1555,13324.37445640564
1556,12871.732261240482
1557,12105.552581071854
1558,13479.165883779526
1559,14367.427129745483
1560,13070.135844349861
1561,12702.012016296387
1562,13032.060049533844
1563,12748.525950491428
1564,12384.50796842575
1565,11923.895377755165
1566,12921.063532590866
1567,12591.696967601776
1568,13309.107736587524
1569,12653.271016001701
1570,11918.122764110565
1571,12928.803399682045
1572,13202.018783569336
1573,14144.2258746624
1574,13494.46230006218
1575,12492.640755176544
1576,14341.730473339558
1577,20814.8916618824
1578,12703.265159368515
1579,13351.255032658577
1580,12836.241545438766
1581,12672.060776472092
1582,13396.175956487656
1583,15673.286392867565
1584,13466.89814054966
1585,14499.512331008911
1586,12409.961602449417
1587,12907.701342105865
1588,12200.453332424164
1589,13204.32767188549
1590,12238.08383178711
1591,12273.408616542816
1592,12104.21020424366
1593,13404.706510782242
1594,13475.744979977608
1595,14085.17948192358
1596,13072.094186365604
1597,12046.54869067669
1598,11662.609367609024
1599,12482.227192342281
1600,15048.76126742363
1601,12964.886366128922
1602,12745.350008249283
1603,12041.571311116219
1604,13269.43733882904
1605,12853.67193365097
1606,14252.914422571659
1607,13650.62831044197
1608,11988.06071639061
1609,13473.568470656872
1610,13253.07857465744
1611,12841.739063560963
1612,11901.160306453705
1613,15536.568541526794
1614,16465.093618035316
1615,12277.902319312096
1616,13513.519302129745
1617,11895.66532945633
1618,12920.778250694275
1619,13921.783980607986
1620,12951.517271995544
1621,13532.961345613003
1622,12261.298418998718
1623,12241.021532058716
1624,12703.981416225433
1625,12825.083425045013
1626,13588.148594498634
1627,12769.275718092918
1628,11852.777921199799
1629,14016.280946612358
1630,11398.46216225624
1631,13589.200568556786
1632,13288.052814245224
1633,12530.923673152924
1634,12624.558938026428
1635,12099.891863584518
1636,12218.947315633297
1637,12772.27800989151
1638,12638.35854792595
1639,13662.257170200348
1640,13342.50647509098
1641,12792.183976709843
1642,12687.373755931854
1643,11989.267431855202
1644,13484.10384273529
1645,13343.34645152092
1646,14809.077639818192
1647,16922.442289114
1648,11652.353555083275
1649,12958.162960767746
1650,13032.583400845528
1651,14355.217870473862
1652,12667.827036380768
1653,14373.764931201935
1654,14530.405242919922
1655,15174.251066446304
1656,14994.41273188591
1657,15773.75463628769
1658,12800.556849360466
1659,13645.573800086975
1660,14251.000878810883
1661,13309.305843353271
1662,15175.50344491005
1663,12825.994724154472
1664,12803.84098982811
1665,14089.82010936737
1666,12878.788308143616
1667,14955.333197116852
1668,13297.744769573212
1669,14066.52166044712
1670,14509.843116044998
1671,13232.487496614456
1672,11595.494273662567
1673,12171.33213365078
1674,13067.548918485641
1675,12064.605654001236
1676,13460.631765842438
1677,14556.219533920288
1678,14718.024389743805
1679,14026.99072599411
1680,12776.204082727432
1681,12008.26924753189
1682,12067.415716409683
1683,11800.301051735878
1684,20247.281726121902
1685,12484.87230181694
1686,13260.882809400558
1687,12257.278424739838
1688,12265.881300449371
1689,13440.238198757172
1690,11722.992266178131
1691,11754.181406974792
1692,12581.50022828579
1693,13741.458099365234
1694,12398.7924259305
1695,12348.752773046494
1696,11810.54568207264
1697,11422.688848257065
1698,12576.054916262627
1699,13691.389680862427
1700,16112.331762075424
1701,12571.091019272804
1702,12503.835604071617
1703,12341.788562774658
1704,12150.73379957676
1705,13456.577053070068
1706,12175.23230934143
1707,12497.699138879776
1708,12406.715077877045
1709,14279.033976316452
1710,13662.50022315979
1711,13306.504655599594
1712,13425.963527202606
1713,13713.800436496735
1714,13071.229312896729
1715,11555.075473666191
1716,12778.206016540527
1717,15816.899725675583
1718,12890.345077633858
1719,12668.664199352264
1720,13798.158903241158
1721,16025.663094997406
1722,12729.144438028336
1723,15755.82881128788
1724,13014.575501263142
1725,14165.7927724123
1726,13464.007204055786
1727,12983.089107513428
1728,14853.75482827425
1729,13265.828434944153
1730,14664.692561030388
1731,12918.289580583572
1732,16042.477692604065
1733,12134.72904574871
1734,12502.603393316269
1735,12378.10331773758
1736,12539.284247398376
1737,13428.268577337265
1738,13042.224351763725
1739,12306.015492200851
1740,13576.038984775543
1741,14577.29991221428
1742,12951.95583999157
1743,12191.234110355377
1744,13464.792179107666
1745,11969.47606319189
1746,12056.964388608932
1747,20326.149498939514
1748,13102.2705245018
1749,12350.975176215172
1750,12167.673095881939
1751,12420.783862233162
1752,11723.611038684845
1753,15627.958863854408
1754,12421.455553412437
1755,11911.893556118011
1756,12757.500643134117
1757,12268.37553203106
1758,11875.174998760223
1759,17164.408252298832
1760,11706.964198946953
1761,12576.067227363586
1762,12255.794632434845
1763,12813.303639650345
1764,12080.972802877426
1765,12861.83579492569
1766,12513.711203575134
1767,12963.153716564178
1768,13714.497651338577
1769,13398.025870919228
1770,12599.938753843307
1771,12191.58893108368
1772,13936.515806436539
1773,14042.42738866806
1774,13724.293847560883
1775,11849.106765389442
1776,13404.117983341217
1777,14040.86099088192
1778,11721.3184004426
1779,12627.268296718597
1780,19104.301333785057
1781,12624.620584011078
1782,12146.12416768074
1783,13694.688161849976
1784,12201.368935227394
1785,13995.062075912952
1786,13026.375470638275
1787,13323.860479474068
1788,13233.562592983246
1789,13188.036045789719
1790,12738.497992992401
1791,14845.07993376255
1792,13182.22210264206
1793,14518.972880363464
1794,12172.231014966965
1795,14263.661968946457
1796,14832.604194164276
1797,12406.732197761536
1798,14094.455723643303
1799,12565.210103571415
1800,12832.957488775253
1801,12431.691640377045
1802,13626.897372484207
1803,13049.316349387169
1804,11719.191933631897
1805,11859.431107640266
1806,13573.0052921772
1807,12455.43620967865
1808,13176.946210622787
1809,11795.527958393097
1810,12195.969509005547
1811,12157.514427661896
1812,11758.61464381218
1813,12146.199323534966
1814,12543.089309453964
1815,14791.691077411175
1816,21273.029074192047
1817,13613.856231927872
1818,11406.60774564743
1819,13707.892613172531
1820,13460.346288084984
1821,14553.003689050674
1822,11964.884717583656
1823,12725.038599848747
1824,13788.850975513458
1825,12186.579808473587
1826,12021.312469482422
1827,12227.260437846184
1828,13172.096579432487
1829,12088.487684249878
1830,12487.594281077385
1831,12735.4772939682
1832,12268.898045063019
1833,13215.19192647934
1834,12428.457801938057
1835,12212.834747076035
1836,12963.874969959259
1837,13035.89299917221
1838,12280.88696861267
1839,13419.313941955566
1840,13276.833282351494
1841,11759.931816101074
1842,13048.065218031406
1843,14550.135083436966
1844,13519.105350971222
1845,18655.08114051819
1846,12284.168916106224
1847,12827.75972366333
1848,15671.70967745781
1849,14389.250643014908
1850,14274.139866113663
1851,11941.485293030739
1852,11948.393777608871
1853,13022.334949970245
1854,12160.673003077507
1855,12380.515237271786
1856,12358.409358501434
1857,12596.578108668327
1858,14303.401936292648
1859,13031.186878681183
1860,16014.556456804276
1861,13268.25055027008
1862,12061.076661586761
1863,13303.122776269913
1864,12077.596868276596
1865,12430.893850922585
1866,11784.067463755608
1867,13067.275609970093
1868,11497.568059563637
1869,12136.470771312714
1870,12365.703102588654
1871,11975.297670125961
1872,11966.335192680359
1873,12854.058336496353
1874,12218.355213165283
1875,15583.304786682129
1876,12012.491042137146
1877,13742.129011392593
1878,13653.395737171173
1879,13325.261847496033
1880,12035.763657569885
1881,13568.443897008896
1882,11830.217857837677
1883,14793.44101524353
1884,11528.097400188446
1885,13680.2698802948
1886,12988.359657049179
1887,11822.860013365746
1888,12443.430433273315
1889,11746.8444647789
1890,13660.686061143875
1891,12306.225653529167
1892,14835.480450987816
1893,13223.678451061249
1894,12087.930442333221
1895,11735.326620101929
1896,11980.308214187622
1897,13009.622064590454
1898,11945.048755168915
1899,12463.15084528923
1900,17516.822013378143
1901,11580.550364494324
1902,12066.374631047249
1903,13134.580543518066
1904,13131.797186255455
1905,11693.395136117935
1906,11946.660203814507
1907,14041.427604913712
1908,13216.203983545303
1909,12178.650779724121
1910,13250.09155702591
1911,12153.945191860199
1912,11954.828803777695
1913,13354.389146327972
1914,12753.15029668808
1915,11270.606496334076
1916,13592.90901875496
1917,13577.576813220978
1918,14090.002654314041
1919,12232.44721031189
1920,12982.879008769989
1921,13030.688611745834
1922,11959.141324043274
1923,11432.474538564682
1924,11753.961702823639
1925,13143.472441196442
1926,13423.005411148071
1927,17170.21419429779
1928,11568.87858247757
1929,12456.448787212372
1930,13555.4290715456
1931,15077.118675231934
1932,11513.932597637177
1933,11426.514898777008
1934,12946.055226564407
1935,12478.66817331314
1936,13001.869372367859
1937,14705.957157373428
1938,13659.283878803253
1939,12817.544571757317
1940,15354.54702359438
1941,13735.88054138422
1942,13640.674150466919
1943,12906.550166606903
1944,12249.679936408997
1945,12575.13507604599
1946,12088.375096559525
1947,11845.309213876724
1948,13417.444626808167
1949,12648.07759487629
1950,13893.825832128525
1951,14858.908530712128
1952,12482.371167182922
1953,12717.332280278206
1954,17805.722593784332
1955,11640.187948703766
1956,19162.09046602249
1957,12413.020305395126
1958,12618.69899725914
1959,12066.068742752075
1960,11712.839376926422
1961,14939.448414802551
1962,13188.413800239563
1963,12426.283989906311
1964,13442.072637557983
1965,13871.066854476929
1966,13904.056256771088
1967,11899.620970487595
1968,11698.542517662048
1969,13983.417836666107
1970,12939.693056583405
1971,12417.367185115814
1972,12374.546373844147
1973,12953.4197306633
1974,11633.628216981888
1975,12779.91088294983
1976,12883.16139125824
1977,11861.495408058167
1978,13661.334825992584
1979,12448.985425949097
1980,11781.060694694519
1981,12163.868702411652
1982,13564.099920034409
1983,12476.857781291008
1984,12342.510986328125
1985,12346.548744678497
1986,17132.65456533432
1987,13578.445675373077
1988,11775.890218257904
1989,12201.520277261734
1990,12653.066439151764
1991,12993.727712154388
1992,13209.721172213554
1993,12627.436418533325
1994,13461.969841480255
1995,12807.88069820404
1996,17450.011053681374
1997,13567.922495245934
1998,11703.697988510132
1999,14611.24137210846
2000,11727.1690158844
2001,15223.980281829834
2002,12685.315831661224
2003,12232.709622621536
2004,14128.338048934937
2005,12277.145414829254
2006,12438.652816772461
2007,11814.759438633919
2008,12487.177971363068
2009,12316.19113445282
2010,12021.97421848774
2011,12915.402853369713
2012,11986.19919872284
2013,14065.800574839115
2014,12473.78429210186
2015,13037.025747537613
2016,12503.98305940628
2017,14153.104306936264
2018,15453.820484519005
2019,12298.918447256088
2020,11970.183946609497
2021,11591.703189849854
2022,11637.813379049301
2023,12175.900278806686
2024,12174.70857000351
2025,13588.612664222717
2026,11645.190516471863
2027,11483.110219478607
2028,11717.59310054779
2029,12302.275502681732
2030,13695.97712290287
2031,13067.892548084259
2032,11777.828153133392
2033,11496.250118732452
2034,11996.521289944649
2035,12148.37144947052
2036,13776.338143587112
2037,12089.97839474678
2038,11248.328959941864
2039,11796.744707584381
2040,13051.23959326744
2041,12473.566740989685
2042,13683.795314073563
2043,13822.438611984253
2044,12181.980645656586
2045,12669.14779138565
2046,12989.314668655396
2047,13547.110090732574
2048,11453.392421245575
2049,12511.68505191803
2050,11755.041250705719
2051,12576.088944911957
2052,12754.531006097794
2053,13509.311605453491
2054,11569.332916736603
2055,12464.19356393814
2056,11890.146791934967
2057,14922.603190660477
2058,26228.353880882263
2059,12762.026367664337
2060,11446.381093025208
2061,12077.01027572155
2062,12373.998283863068
2063,12009.175160169601
2064,13463.748744010925
2065,12162.73949098587
2066,12905.922414302826
2067,12937.046352863312
2068,12926.063775539398
2069,13177.405408382416
2070,13575.508342504501
2071,11918.48087143898
2072,11739.973880767822
2073,13116.490834236145
2074,13411.241752505302
2075,12290.884731292725
2076,11467.380233287811
2077,12091.526687920094
2078,11850.755999565125
2079,12538.67140865326
2080,13704.003524541855
2081,13714.22005534172
2082,11929.570751667023
2083,11711.669036865234
2084,15825.356369972229
2085,12923.394981861115
2086,13111.066197395325
2087,11354.503352880478
2088,12261.833860874176
2089,12299.585389614105
2090,13116.331789970398
2091,14584.24398612976
2092,12689.49030303955
2093,11896.11832332611
2094,13047.489520072937
2095,12202.966762542725
2096,11699.556791305542
2097,12414.48749923706
2098,12365.235367298126
2099,13300.90917634964
2100,11318.362634062767
2101,11553.915307998657
2102,11983.512303352356
2103,12094.745888233185
2104,11633.644522428513
2105,12102.314727783203
2106,12100.365130186081
2107,14425.965392827988
2108,11389.036058187485
2109,15475.085556983948
2110,12260.587343454361
2111,12182.75501549244
2112,11930.964620351791
2113,11723.630391478539
2114,12146.549038887024
2115,12314.642602920532
2116,12068.310312747955
2117,12571.454515695572
2118,13053.281203985214
2119,11439.851068496704
2120,13789.517162322998
2121,12396.249989628792
2122,11883.059071540833
2123,11655.947347283363
2124,13896.4110455513
2125,14138.143405914307
2126,11746.57570886612
2127,11332.240832805634
2128,13680.753081560135
2129,12486.13819360733
2130,12175.322798728943
2131,11830.57250404358
2132,11884.859523773193
2133,11566.189751625061
2134,11849.044239997864
2135,11996.762682914734
2136,12582.246367931366
2137,14040.024737358093
2138,14559.341719150543
2139,12124.43486404419
2140,12880.420320987701
2141,11515.003818511963
2142,12258.18701839447
2143,12533.817854881287
2144,12208.777170658112
2145,11489.19318985939
2146,11361.958411216736
2147,12543.623289823532
2148,11940.213203907013
2149,11303.408956050873
2150,11444.223591327667
2151,13258.89665621519
2152,14358.231732487679
2153,11866.885191440582
2154,12161.051181077957
2155,12636.684440612793
2156,12722.05155968666
2157,12955.879821538925
2158,11539.829436779022
2159,12677.674214363098
2160,12007.556235551834
2161,11525.916658878326
2162,12354.781783103943
2163,11878.134188652039
2164,13872.571958065033
2165,12312.901477098465
2166,13999.601630687714
2167,18530.54387974739
2168,12550.56299161911
2169,11925.087685346603
2170,12706.37588429451
2171,12513.093561947346
2172,12077.996485471725
2173,13445.936299800873
2174,12278.189832687378
2175,12692.484149932861
2176,12847.734071731567
2177,12579.121952295303
2178,12582.938855528831
2179,12411.588581204414
2180,12922.723908901215
2181,12456.639320850372
2182,13260.714230060577
2183,11647.465321540833
2184,12148.40333724022
2185,12073.247828483582
2186,11368.706867694855
2187,11752.215999126434
2188,11960.259050130844
2189,12175.911591529846
2190,12448.672879695892
2191,11538.5296792984
2192,12615.746568202972
2193,11788.082660317421
2194,11822.30862736702
2195,18983.84775876999
2196,11472.865878105164
2197,12248.15110707283
2198,13385.12387394905
2199,12848.431241035461
2200,11968.943037986755
2201,11388.065972328186
2202,11875.260384559631
2203,11700.609373807907
2204,11569.229081869125
2205,12109.091244220734
2206,12412.591124773026
2207,11630.685816764832
2208,12924.618514537811
2209,11826.491471290588
2210,12375.2562251091
2211,12307.247976064682
2212,12676.142498850822
2213,11960.414503574371
2214,12049.61231803894
2215,12197.195657253265
2216,12232.155262947083
2217,12326.641451597214
2218,16232.330311536789
2219,11681.490185976028
2220,12712.757462024689
2221,13213.642185926437
2222,13587.730244159698
2223,11658.329721927643
2224,12783.471821784973
2225,11836.225309848785
2226,12296.175055980682
2227,11636.297683477402
2228,11990.020414352417
2229,12437.113234519958
2230,11425.81887292862
2231,12447.687561511993
2232,12950.137547492981
2233,12588.724769115448
2234,12120.711062431335
2235,11454.132398366928
2236,11570.333277702332
2237,11286.443889379501
2238,11279.508580684662
2239,12892.469889640808
2240,11722.362371206284
2241,13324.019005537033
2242,16629.060110569
2243,11545.083639144897
2244,12687.59198474884
2245,12438.804477930069
2246,11892.637097597122
2247,13776.186880111694
2248,13539.140275478363
2249,11902.12660741806
2250,13447.057080745697
2251,13739.138488054276
2252,11833.90641784668
2253,13333.161456108093
2254,12066.456694602966
2255,12411.634797096252
2256,13531.354705810547
2257,13192.5325756073
2258,12531.168261051178
2259,13323.849119186401
2260,12568.749440073967
2261,12645.494641304016
2262,11929.464708209038
2263,12354.505937576294
2264,11648.865248203278
2265,12315.076350688934
2266,11786.645031452179
2267,12374.547784805298
2268,11839.396164417267
2269,13032.091398239136
2270,12187.47232580185
2271,12463.790835380554
2272,12344.460632324219
2273,11852.792586803436
2274,11569.948916435242
2275,13410.086122512817
2276,12123.777306556702
2277,11520.029851675034
2278,12851.165014266968
2279,11648.72329902649
2280,11306.825315594673
2281,12819.841872692108
2282,11647.151735305786
2283,14230.069442749023
2284,13222.841572523117
2285,12207.375487804413
2286,11754.05312871933
2287,12249.217315673828
2288,14184.057107686996
2289,11762.014332771301
2290,11503.16754412651
2291,12700.047932744026
2292,12970.578453063965
2293,12639.864977359772
2294,13951.971497774124
2295,12149.206903457642
2296,12172.591352820396
2297,11906.914106369019
2298,13451.161098480225
2299,12019.917180538177
2300,12968.729262113571
2301,12283.359713077545
2302,11626.063732147217
2303,11449.156723976135
2304,12850.346658945084
2305,11389.674723625183
2306,12482.487492799759
2307,12111.573550701141
2308,13328.14980840683
2309,12345.47078704834
2310,13410.35055923462
2311,11238.013330459595
2312,13529.027176856995
2313,11425.742230415344
2314,12875.15430688858
2315,12171.662548780441
2316,12140.268080711365
2317,12505.444911003113
2318,11522.73230934143
2319,11633.979553699493
2320,12310.551265716553
2321,11784.510132789612
2322,11777.86689567566
2323,12077.311731338501
2324,11884.578216075897
2325,11539.342716217041
2326,12193.86765384674
2327,12863.533063411713
2328,11637.72875404358
2329,12003.128525018692
2330,12381.646247386932
2331,12035.302433490753
2332,12721.47782754898
2333,11374.518334388733
2334,11521.90582370758
2335,11465.554802417755
2336,11543.723986625671
2337,11793.84232378006
2338,12209.398159384727
2339,12764.899692058563
2340,11547.027661800385
2341,12006.551839351654
2342,12841.783564567566
2343,11347.290155410767
2344,12149.964081764221
2345,11980.12428867817
2346,11306.09062242508
2347,11744.65846824646
2348,12421.12368607521
2349,12100.012259364128
2350,13309.30293917656
2351,12697.253457069397
2352,11901.275088071823
2353,13166.02080321312
2354,12282.113595485687
2355,13102.81257724762
2356,11806.627415657043
2357,12099.355350971222
2358,12328.464164495468
2359,12866.035940647125
2360,11751.074292063713
2361,14385.322640895844
2362,13017.313442707062
2363,12827.028940200806
2364,11464.789169073105
2365,12657.188581466675
2366,14092.359245300293
2367,11978.551887512207
2368,13028.423976898193
2369,11925.997249126434
2370,12072.418145179749
2371,11226.957896590233
2372,12092.317992210388
2373,16568.878243923187
2374,11959.408900260925
2375,12262.444519996643
2376,12398.67318892479
2377,11366.268167972565
2378,11401.344213962555
2379,11391.400935411453
2380,12163.358719825745
2381,12411.915380477905
2382,13493.620611190796
2383,12343.706631660461
2384,13247.749377250671
2385,11368.595563411713
2386,15635.448952198029
2387,18230.672477722168
2388,11419.982130527496
2389,12870.412208557129
2390,11790.127738952637
2391,13085.736193180084
2392,11783.575716018677
2393,11537.614457130432
2394,14706.866999149323
2395,11583.867140769958
2396,12871.921033620834
2397,13978.633554458618
2398,13214.193922042847
2399,13090.869856834412
2400,13430.087476730347
2401,13304.409863471985
2402,13770.726351737976
2403,14273.855306148529
2404,13461.73424577713
2405,13491.643123626709
2406,11625.651530265808
2407,12669.96373128891
2408,11913.913814783096
2409,12879.307281017303
2410,11810.114827156067
2411,12630.615147590637
2412,11915.639702796936
2413,13342.502679347992
2414,11955.629513978958
2415,12419.961152076721
2416,11528.056783676147
2417,11593.139543652534
2418,12460.786885738373
2419,11366.361722946167
2420,14992.175581932068
2421,12905.840990304947
2422,12262.607496738434
2423,13436.485149860382
2424,12319.174054145813
2425,12316.425481796265
2426,12581.90955400467
2427,14529.699316978455
2428,12063.845878362656
2429,11885.190408706665
2430,12183.352979660034
2431,11745.368072032928
2432,12002.333857536316
2433,11724.364336013794
2434,11425.822887063026
2435,13083.108580708504
2436,11625.80785560608
2437,12196.966523170471
2438,11287.145616531372
2439,11618.147889614105
2440,13087.954948425293
2441,12134.106619596481
2442,12504.477009773254
2443,11292.736941337585
2444,12366.329862594604
2445,12037.593750953674
2446,11491.611948013306
2447,16313.926995277405
2448,11565.281867027283
2449,11630.955178260803
2450,11648.244661331177
2451,11609.387130737305
2452,11728.116618156433
2453,19028.553347587585
2454,11367.787831783295
2455,13148.31408071518
2456,12587.803043842316
2457,12268.8792552948
2458,12080.371653556824
2459,12951.65766620636
2460,12129.287052631378
2461,11998.669045448303
2462,12050.263398647308
2463,13186.268025398254
2464,12691.731455802917
2465,13428.638504743576
2466,12956.488557815552
2467,12916.883511543274
2468,11685.493665218353
2469,12693.45606803894
2470,13989.889879703522
2471,11485.684876441956
2472,12388.371910572052
2473,11254.524310112
2474,11940.144829750061
2475,12658.535866260529
2476,12493.983581781387
2477,12637.707517623901
2478,11681.427548408508
2479,11649.330273628235
2480,11987.771835684776
2481,12865.528200149536
2482,12504.319130897522
2483,11327.067880153656
2484,12015.609572410583
2485,13773.501403808594
2486,13126.588032245636
2487,12346.424341201782
2488,11483.837532520294
2489,12427.60257768631
2490,12617.838683128357
2491,11779.322439670563
2492,11821.570095062256
2493,11293.173531770706
2494,13145.071410655975
2495,12538.784526824951
2496,11392.577878952026
2497,12074.866411447525
2498,11866.80541753769
2499,11402.60667514801
2500,11711.496639251709
2501,12321.872303962708
2502,11464.069990634918
2503,13801.55071735382
2504,11415.483482837677
2505,11791.0773396492
2506,11528.148205280304
2507,11875.945670366287
2508,11889.730310440063
2509,13706.98450088501
2510,13331.44999074936
2511,12198.462667942047
2512,11215.368647098541
2513,13154.71645784378
2514,12380.34451675415
2515,12223.38780927658
2516,12276.073803901672
2517,11850.224784851074
2518,11578.373008728027
2519,11223.683476448059
2520,11498.803094863892
2521,11687.559243679047
2522,13052.857943534851
2523,12937.688552856445
2524,12001.978623390198
2525,12471.54093503952
2526,11358.087313652039
2527,11685.148131370544
2528,13469.216882705688
2529,11767.421843528748
2530,15138.45980834961
2531,11855.746579647064
2532,11806.99547290802
2533,11698.020663499832
2534,12623.050387859344
2535,12250.708226203918
2536,11816.327607393265
2537,11983.670206069946
2538,12361.06877565384
2539,12511.65038394928
2540,12232.765456199646
2541,12963.973408937454
2542,11570.829905509949
2543,12180.988645076752
2544,13528.694867134094
2545,12119.853487968445
2546,11803.190484046936
2547,12148.652466416359
2548,11823.868298053741
2549,11773.473256587982
2550,12141.249275922775
2551,12164.37646150589
2552,11625.76765292883
2553,11674.969398498535
2554,11292.953869819641
2555,11110.911028385162
2556,11396.170897006989
2557,11141.639995574951
2558,12209.879433631897
2559,11575.580319523811
2560,12533.77808189392
2561,12340.920321941376
2562,11791.322579860687
2563,11516.981696605682
2564,13621.132381439209
2565,12194.475398540497
2566,11852.079116821289
2567,11696.163760662079
2568,12522.393820285797
2569,12279.675905227661
2570,12512.687528133392
2571,13500.20046377182
2572,11645.095409870148
2573,12199.436476230621
2574,11536.582579135895
2575,13239.572981834412
2576,11934.48654973507
2577,12223.720947265625
2578,11499.996292114258
2579,11264.747228622437
2580,11407.28279876709
2581,12160.343545913696
2582,11453.117517471313
2583,11891.97122168541
2584,11199.72241306305
2585,12400.281564712524
2586,14635.727242708206
2587,11984.96387386322
2588,11303.01159620285
2589,12043.72780418396
2590,11649.694273471832
2591,11903.954405784607
2592,12254.006372451782
2593,11498.553087234497
2594,11854.29137134552
2595,11614.143403053284
2596,11400.792283058167
2597,11470.390642166138
2598,11887.16639995575
2599,12623.611384391785
2600,12094.385446548462
2601,12553.112197875977
2602,16772.662981033325
2603,12238.653103351593
2604,12317.927158355713
2605,11100.847081184387
2606,13580.049932003021
2607,12121.859981536865
2608,11795.23906993866
2609,12022.071919441223
2610,11354.731751441956
2611,12686.185471534729
2612,11911.529803276062
2613,11449.795245170593
2614,12326.903170585632
2615,12163.811351299286
2616,11305.996519804
2617,11878.24993133545
2618,11516.57201385498
2619,12091.62307357788
2620,11186.778388500214
2621,11538.161793708801
2622,12988.49257516861
2623,11566.06657743454
2624,12191.272315979004
2625,12094.431082725525
2626,12596.394917964935
2627,11271.931820869446
2628,11380.15496635437
2629,12200.36086177826
2630,11239.206845283508
2631,12921.3802216053
2632,11175.205131530762
2633,11683.275109767914
2634,12886.881624221802
2635,11325.199058532715
2636,12878.81033706665
2637,13307.372792959213
2638,12075.493561983109
2639,12539.3227186203
2640,13002.538043498993
2641,12178.321709632874
2642,12486.942057132721
2643,11843.752667665482
2644,12207.865776538849
2645,13428.10864830017
2646,12056.938630104065
2647,11912.27915763855
2648,12619.305679798126
2649,11970.241312861443
2650,11757.50428199768
2651,12451.587330818176
2652,11450.83336353302
2653,12943.378505706787
2654,11534.075427055359
2655,11725.40098810196
2656,11688.12868976593
2657,13497.181881904602
2658,12187.678486585617
2659,12590.921571731567
2660,12671.162922859192
2661,11530.454141616821
2662,11698.929288864136
2663,11428.69622707367
2664,11300.7018699646
2665,11304.289121627808
2666,11218.187833547592
2667,11568.895379304886
2668,12003.11117553711
2669,12749.279477119446
2670,12093.904934883118
2671,12117.567091464996
2672,12738.787078857422
2673,11648.297882318497
2674,11844.886270523071
2675,11626.62478685379
2676,13238.328473091125
2677,11709.656720638275
2678,11650.057273864746
2679,12263.081128120422
2680,11894.472509384155
2681,12011.163141727448
2682,11688.56137084961
2683,11363.195242404938
2684,11208.186807751656
2685,11728.84686088562
2686,11815.990337371826
2687,11755.659348487854
2688,11443.63047504425
2689,12406.678881645203
2690,11343.503089904785
2691,12222.356032133102
2692,11947.286173820496
2693,11901.6095495224
2694,11678.719723701477
2695,11850.029692173004
2696,11531.305879592896
2697,11632.666029930115
2698,11207.204756736755
2699,11573.579384803772
2700,11702.32511806488
2701,12652.993206977844
2702,14230.131653785706
2703,11399.911052703857
2704,11733.356314659119
2705,15064.22387599945
2706,12651.32141828537
2707,12088.117406845093
2708,11931.501769065857
2709,12835.567098617554
2710,11082.970558643341
2711,13011.65326499939
2712,12046.676063537598
2713,11230.532557487488
2714,11290.281617164612
2715,12848.582139968872
2716,11991.295106887817
2717,11904.841200828552
2718,12823.752232074738
2719,11274.964704751968
2720,11973.559341907501
2721,12356.207065582275
2722,13003.789227485657
2723,11432.874746322632
2724,11579.97890329361
2725,11369.136340618134
2726,11449.147336959839
2727,11574.777717113495
2728,11842.642059326172
2729,11206.525560379028
2730,12569.812216758728
2731,11664.921971321106
2732,11926.612189292908
2733,11748.956535339355
2734,12360.060626983643
2735,12075.717237472534
2736,12003.305305480957
2737,11253.602164268494
2738,12853.400748968124
2739,12397.895134925842
2740,13131.694182872772
2741,11628.688578605652
2742,11367.867525577545
2743,12000.93122291565
2744,11349.887084722519
2745,11311.765086174011
2746,11950.301950454712
2747,12216.860534667969
2748,11822.896764755249
2749,12006.183339118958
2750,11441.150407791138
2751,11711.423757076263
2752,12341.571032524109
2753,11732.37289094925
2754,17775.231641292572
2755,12261.866681098938
2756,12089.273517608643
2757,11954.237365722656
2758,12126.0005941391
2759,12279.470663070679
2760,13240.879120826721
2761,13018.523098945618
2762,12983.782505989075
2763,12395.982580184937
2764,12128.98788356781
2765,12605.093691825867
2766,13423.114861488342
2767,12633.682120323181
2768,12904.812538146973
2769,13040.779173851013
2770,12001.652342319489
2771,13765.448550224304
2772,11377.139268875122
2773,12063.672229766846
2774,11182.451958656311
2775,11405.602073669434
2776,11523.04476261139
2777,14330.427263736725
2778,12505.774461746216
2779,11581.533993721008
2780,14237.08400964737
2781,14589.544734477997
2782,11504.173852920532
2783,12932.206043243408
2784,12119.711103916168
2785,13490.689995765686
2786,12396.17608833313
2787,13782.130137443542
2788,13146.95234966278
2789,13731.312382698059
2790,13353.868481636047
2791,12720.544615745544
2792,13556.935019016266
2793,12723.989555835724
2794,11522.782167434692
2795,13459.363198757172
2796,13414.53331565857
2797,12525.127117156982
2798,12780.7152967453
2799,11746.79693031311
2800,13245.632718086243
2801,12924.443667411804
2802,12889.164504051208
2803,11175.303133010864
2804,12701.459964752197
2805,11886.428176879883
2806,11410.041661262512
2807,11393.096795082092
2808,12084.138867378235
2809,11465.734241485596
2810,11318.071520805359
2811,11335.916608214378
2812,12858.60096168518
2813,12994.85579776764
2814,18266.188220977783
2815,11658.958506584167
2816,11338.55617427826
2817,11449.055681228638
2818,11490.014954566956
2819,12482.654284954071
2820,12703.605390548706
2821,11912.154951095581
2822,12495.149130821228
2823,12401.659045219421
2824,13115.759298324585
2825,12854.14331150055
2826,13503.387982845306
2827,12534.661449432373
2828,12457.092537879944
2829,11955.380833625793
2830,11394.763459205627
2831,12334.142066001892
2832,12017.872831344604
2833,13573.581972122192
2834,12039.659094929695
2835,13224.773980140686
2836,12096.250231742859
2837,12600.484902381897
2838,12461.84596157074
2839,11328.633831977844
2840,11910.054308891296
2841,12131.544467926025
2842,11677.627556085587
2843,11379.612137794495
2844,11557.22044467926
2845,12251.429633140564
2846,11963.06130361557
2847,11804.858386993408
2848,12166.29690170288
2849,11705.574983596802
2850,11801.827807426453
2851,12335.403435707092
2852,11440.9467420578
2853,11254.8926820755
2854,11477.27461528778
2855,11301.566770553589
2856,11371.101051330566
2857,12489.021947860718
2858,13985.796550273895
2859,11188.688740253448
2860,11792.064663887024
2861,11334.534662246704
2862,12128.3136510849
2863,11906.685240268707
2864,12303.608297348022
2865,11316.307563781738
2866,11296.03540611267
2867,11278.642793536186
2868,11697.768689632416
2869,12631.4351272583
2870,12527.242491722107
2871,12508.275754928589
2872,12325.73171043396
2873,11445.31820011139
2874,13142.100558280945
2875,11485.19968509674
2876,11616.669147491455
2877,12803.548535346985
2878,11535.873719215393
2879,11986.87242603302
2880,11729.897714614868
2881,11571.804860711098
2882,11827.967247962952
2883,12005.997264385223
2884,12429.414421081543
2885,11103.017406463623
2886,19765.00785446167
2887,13020.904741287231
2888,11468.566266536713
2889,11306.633034706116
2890,12295.99308013916
2891,12698.621571540833
2892,12672.75189447403
2893,13198.505668640137
2894,12843.236983299255
2895,12456.850757598877
2896,13086.718731880188
2897,12817.947984695435
2898,12820.120138168335
2899,11701.537130355835
2900,11727.144703865051
2901,13555.55832195282
2902,12604.184024810791
2903,11905.08872795105
2904,11427.936800956726
2905,11819.202127456665
2906,13174.634069442749
2907,11548.226011276245
2908,11507.685432434082
2909,12010.202133655548
2910,11493.258665084839
2911,11240.592839241028
2912,11557.958215713501
2913,12184.970595359802
2914,12009.578178405762
2915,11923.387468338013
2916,11809.563174247742
2917,12211.527196884155
2918,11457.241797447205
2919,11151.762100219727
2920,11869.375232219696
2921,11644.411942481995
2922,12730.351000785828
2923,11393.845279693604
2924,11961.15764427185
2925,11260.274971723557
2926,11910.952342510223
2927,12077.612352371216
2928,11551.769109725952
2929,11761.446346282959
2930,11541.583811759949
2931,11370.398325920105
2932,11689.074223041534
2933,11427.289982318878
2934,11334.035624742508
2935,11188.870610237122
2936,11435.848530292511
2937,15655.10265827179
2938,11627.628196716309
2939,12077.989933013916
2940,12111.950229644775
2941,11374.275863647461
2942,11727.553108215332
2943,14322.8168592453
2944,11836.612002372742
2945,14488.024195671082
2946,11264.746222496033
2947,12574.816500663757
2948,12415.913570404053
2949,11981.415363311768
2950,12508.505288600922
2951,12506.773710727692
2952,11555.683218955994
2953,12398.991847515106
2954,11571.374215126038
2955,12365.477124214172
2956,11559.83983039856
2957,11925.695613861084
2958,12373.667957305908
2959,12397.552282333374
2960,11448.42146730423
2961,11205.2399725914
2962,12311.033348083496
2963,11413.380219459534
2964,11464.8537068367
2965,11418.35147190094
2966,11676.486355781555
2967,11644.205715179443
2968,11930.780391693115
2969,13493.599438667297
2970,11404.867395877838
2971,11248.17071723938
2972,11446.266147613525
2973,11682.070558071136
2974,11816.49518108368
2975,11720.699203491211
2976,11362.275003433228
2977,11673.596195220947
2978,16008.052238464355
2979,12867.491843700409
2980,12275.43042755127
2981,11404.399199485779
2982,11784.00792312622
2983,11866.182936191559
2984,12896.731346130371
2985,12982.735056400299
2986,11074.514846801758
2987,11768.386157989502
2988,12622.939840316772
2989,12115.74064207077
2990,11309.95735836029
2991,11624.61859703064
2992,11371.862855911255
2993,11252.856420516968
2994,11497.48859167099
2995,11762.727286338806
2996,12105.935933113098
2997,11416.202802181244
2998,11288.349343299866
2999,11264.237420082092
3000,11289.521404266357
3001,11661.5289478302
3002,11393.339789867401
3003,11070.892172813416
3004,11483.788823127747
3005,11620.441034317017
3006,11296.77420425415
3007,11596.955995559692
3008,12176.427750587463
3009,11611.558557391167
3010,12093.723014831543
3011,11223.567321777344
3012,11694.06806898117
3013,11084.005775928497
3014,11930.862377166748
3015,11937.850297927856
3016,11177.146268844604
3017,11302.076676368713
3018,16391.837059020996
3019,11432.62140750885
3020,12356.719629764557
3021,11543.737193107605
3022,11326.651956558228
3023,13339.30692768097
3024,12572.557828903198
3025,11802.751461267471
3026,11559.945163726807
3027,11278.3959274292
3028,12218.758641242981
3029,12316.33590221405
3030,12611.692481994629
3031,11184.871250152588
3032,11724.077740192413
3033,11801.100568771362
3034,12082.837918281555
3035,12254.174426555634
3036,11290.359094619751
3037,11287.688485145569
3038,11297.841544151306
3039,11803.769808769226
3040,11423.00642824173
3041,11471.312705993652
3042,12118.11534500122
3043,11080.499797344208
3044,11102.638401985168
3045,11730.826978683472
3046,11258.698393821716
3047,11698.914302825928
3048,11489.84569644928
3049,13024.467861175537
3050,11479.698864936829
3051,11331.234707832336
3052,11801.909932136536
3053,12039.295115470886
3054,11825.13882637024
3055,12906.792704582214
3056,13343.226572990417
3057,11434.848943710327
3058,11645.648294448853
3059,12220.999499797821
3060,11563.56811285019
3061,11809.313709259033
3062,11593.12071800232
3063,11364.27002620697
3064,11917.772498130798
3065,11841.547449111938
3066,11493.657992362976
3067,11329.429670333862
3068,12299.704610824585
3069,11456.322014808655
3070,13378.496499061584
3071,12055.435235023499
3072,11402.719455718994
3073,11486.730155944824
3074,11360.919554233551
3075,12447.799353599548
3076,12465.57511138916
3077,11253.721237182617
3078,11856.896940231323
3079,12156.209609985352
3080,12127.566282272339
3081,11988.061185836792
3082,11533.361535310745
3083,11667.343667030334
3084,12165.409932136536
3085,12370.78721857071
3086,12121.633642196655
3087,11783.009596824646
3088,11441.116409301758
3089,11514.656628608704
3090,11262.257807731628
3091,11443.02355670929
3092,11944.575553894043
3093,12355.634754180908
3094,11253.007595062256
3095,11545.528219223022
3096,11469.58665561676
3097,12348.364031791687
3098,13035.861839294434
3099,11162.843335151672
3100,11307.362975120544
3101,11320.101050376892
3102,11295.187780380249
3103,11645.4123878479
3104,13724.021414756775
3105,11525.778120994568
3106,12345.813283920288
3107,11390.4919424057
3108,11699.539921283722
3109,11732.527773857117
3110,13258.921157836914
3111,11844.2308511734
3112,11799.027798652649
3113,11250.415234565735
3114,12367.718284130096
3115,11682.469863891602
3116,12049.064101219177
3117,11609.585810661316
3118,11480.513822078705
3119,11600.096406459808
3120,11486.743186950684
3121,11207.629304885864
3122,11274.747784614563
3123,12270.248446464539
3124,11192.399753570557
3125,11246.920568466187
3126,12014.147594451904
3127,11209.385287046432
3128,11470.644710540771
3129,11317.391858100891
3130,11196.928614616394
3131,12365.504470825195
3132,11443.350348472595
3133,11040.238864898682
3134,13982.861680984497
3135,11419.43747138977
3136,12643.061762809753
3137,11964.596389770508
3138,12382.97592163086
3139,11434.546525001526
3140,12334.52130317688
3141,13187.964577674866
3142,11687.807862997055
3143,11650.911542892456
3144,11818.531332015991
3145,11934.37187576294
3146,11637.641921520233
3147,11132.791912078857
3148,11447.795938491821
3149,11274.593084335327
3150,11484.41027545929
3151,13075.05122089386
3152,11299.53776550293
3153,11392.190037727356
3154,11782.425026893616
3155,12705.68932723999
3156,11765.254489898682
3157,13034.83697605133
3158,11689.85898399353
3159,12153.683625221252
3160,11694.278972625732
3161,11782.9851064682
3162,12066.318176269531
3163,11789.156413078308
3164,11286.293060302734
3165,11243.022640228271
3166,11096.365246772766
3167,11595.744859695435
3168,14096.378028869629
3169,11600.217994689941
3170,11384.964365005493
3171,11327.82773399353
3172,11567.400637626648
3173,12258.283847808838
3174,11675.718642234802
3175,11467.719710588455
3176,13023.078232765198
3177,12118.125829696655
3178,11199.632328987122
3179,11619.347880840302
3180,11124.975494384766
3181,12883.758143424988
3182,11693.396294593811
3183,13038.119492530823
3184,11654.473364830017
3185,11672.189162254333
3186,11466.122957229614
3187,11630.659533500671
3188,11534.853400230408
3189,11646.517896652222
3190,11210.46881389618
3191,11762.691270828247
3192,11194.823502540588
3193,11657.779671669006
3194,11523.594199180603
3195,12477.167520523071
3196,11454.066216468811
3197,11506.531975746155
3198,11682.765451431274
3199,11791.169224739075
3200,11755.748023986816
3201,12345.775790214539
3202,11706.620756149292
3203,11573.35186290741
3204,12043.106657743454
3205,12064.40336894989
3206,12176.428721427917
3207,11920.111099243164
3208,11870.208003044128
3209,13185.410781860352
3210,11856.75809955597
3211,12482.639199256897
3212,12983.334896087646
3213,12036.257559776306
3214,13381.40940284729
3215,13170.062070608139
3216,12298.153634548187
3217,12634.724071502686
3218,11162.808310508728
3219,11810.915033340454
3220,11941.24853515625
3221,11486.513741493225
3222,11482.083145618439
3223,11888.256229877472
3224,11813.400086402893
3225,11551.803330421448
3226,11155.102531433105
3227,11999.547511100769
3228,13858.122089385986
3229,11300.775703907013
3230,11445.55795955658
3231,11675.417632102966
3232,12160.900186538696
3233,11419.274940490723
3234,11514.633719444275
3235,12365.874145030975
3236,11837.680129051208
3237,12011.130533218384
3238,11940.757102012634
3239,11347.8941488266
3240,12289.992364883423
3241,12115.797089576721
3242,11664.428740501404
3243,12437.40400981903
3244,12646.898622512817
3245,11846.468052864075
3246,11185.15850353241
3247,11388.5513753891
3248,11618.825541496277
3249,11149.356595993042
3250,11487.162101745605
3251,11935.791362762451
3252,12797.035917282104
3253,14476.83080482483
3254,11616.388807296753
3255,11352.900799751282
3256,11895.585806846619
3257,11593.615633010864
3258,11379.461058616638
3259,11044.20234489441
3260,11866.851938724518
3261,12255.34749507904
3262,11801.138805389404
3263,12797.408045768738
3264,12496.342078208923
3265,11691.309175491333
3266,11239.657393455505
3267,11147.174398422241
3268,11378.327260017395
3269,11258.820238113403
3270,12063.523334503174
3271,11654.734525680542
3272,11104.132858276367
3273,12073.482357025146
3274,12699.441966056824
3275,11777.323378562927
3276,11322.225405693054
3277,12067.543250083923
3278,11590.023704528809
3279,11304.09280014038
3280,11537.957315444946
3281,11735.730557441711
3282,11352.866746902466
3283,11900.745608329773
3284,11554.25366783142
3285,13754.01708984375
3286,11183.864873886108
3287,12826.208384990692
3288,11394.489148139954
3289,11226.190731525421
3290,12181.76106929779
3291,11676.450072288513
3292,12565.243465423584
3293,12437.979417800903
3294,12066.816796302795
3295,12570.690229415894
3296,12073.167366981506
3297,12346.342687606812
3298,12180.338655471802
3299,13088.160478591919
3300,12572.664093017578
3301,11941.380672454834
3302,13148.085913658142
3303,11800.297213554382
3304,11564.31136894226
3305,11506.239914894104
3306,11635.87627029419
3307,11309.86872959137
3308,11918.932738304138
3309,11233.978704452515
3310,12945.279079437256
3311,11895.750072479248
3312,11258.31882095337
3313,11640.905003547668
3314,11450.0917263031
3315,11211.492203712463
3316,11282.475547790527
3317,11419.981451034546
3318,11382.840685367584
3319,11747.085356712341
3320,11132.675309181213
3321,11145.778429031372
3322,11212.996896743774
3323,11946.729254722595
3324,11157.860831260681
3325,11203.978685379028
3326,11434.440821647644
3327,11771.05901002884
3328,11153.710809707642
3329,11247.922481536865
3330,11374.537247657776
3331,11774.722450256348
3332,11567.601249217987
3333,11382.18493270874
3334,11598.454268455505
3335,11228.200212478638
3336,12438.787652492523
3337,11963.033186912537
3338,12391.528151512146
3339,11347.673587799072
3340,11597.619005203247
3341,11799.496675491333
3342,11088.909605026245
3343,11322.623227119446
3344,13103.292464256287
3345,11162.956027030945
3346,11295.637391090393
3347,11317.53982925415
3348,11333.651510238647
3349,11890.185509681702
3350,11123.724022865295
3351,11809.945219039917
3352,11294.636056900024
3353,11785.254108428955
3354,11349.117938995361
3355,11131.579357147217
3356,11470.435034751892
3357,11757.088858604431
3358,12810.70201253891
3359,11235.432704925537
3360,12224.275031089783
3361,11503.15938949585
3362,11441.423771858215
3363,12648.315855026245
3364,11374.728068351746
3365,11390.102931499481
3366,11421.673288345337
3367,11312.993371963501
3368,11395.343472480774
3369,11791.866383552551
3370,12117.017632484436
3371,11655.479550361633
3372,12407.915376663208
3373,11425.844771385193
3374,11516.05018234253
3375,14109.956461906433
3376,11527.091976642609
3377,11084.162667274475
3378,11288.254442214966
3379,15013.759840011597
3380,11213.662141799927
3381,11105.375918388367
3382,12105.52039384842
3383,11417.773775100708
3384,11222.716824531555
3385,12447.211728096008
3386,11440.893744468689
3387,12112.635615348816
3388,11555.20483970642
3389,11943.70013141632
3390,11844.764526367188
3391,11772.004823684692
3392,12007.82241153717
3393,11985.942539691925
3394,12066.522395133972
3395,11122.837302207947
3396,12100.674489498138
3397,11459.986652374268
3398,11594.652851104736
3399,11388.478603363037
3400,13105.203874588013
3401,11178.558027267456
3402,11430.72287273407
3403,11759.376189231873
3404,11501.102896690369
3405,11525.841135025024
3406,11702.343182563782
3407,11678.932534217834
3408,11236.26675415039
3409,13137.660778045654
3410,11336.891063690186
3411,11834.720858573914
3412,12757.820219993591
3413,11331.525354385376
3414,11758.765061855316
3415,11403.002809524536
3416,12996.003504753113
3417,11531.987977027893
3418,11091.474757194519
3419,11727.14117527008
3420,12223.085782051086
3421,11929.563472747803
3422,12167.586884498596
3423,11294.202618598938
3424,11425.14582824707
3425,11439.788111686707
3426,11396.354941368103
3427,11162.219617843628
3428,11460.027227401733
3429,11822.619187355042
3430,11409.910011291504
3431,11399.530534744263
3432,11731.98173713684
3433,11773.962356567383
3434,11079.043753623962
3435,11535.334803581238
3436,11253.511411190033
3437,11592.36769747734
3438,11623.65082359314
3439,11492.41022014618
3440,11446.588260173798
3441,11219.011631011963
3442,11159.435389518738
3443,11740.4916305542
3444,11284.41906452179
3445,11414.049961090088
3446,11412.82766342163
3447,11373.121805906296
3448,11354.511651039124
3449,11411.991205215454
3450,11401.585821151733
3451,11885.778357505798
3452,11549.765195846558
3453,11745.487073421478
3454,11552.80009651184
3455,11183.750955581665
3456,11810.924026966095
3457,11318.163265228271
3458,12514.894786834717
3459,11661.597489356995
3460,11358.541007995605
3461,12898.345510482788
3462,11145.229877471924
3463,11796.543592453003
3464,11436.052852630615
3465,11857.389907836914
3466,12545.31559085846
3467,11907.895219802856
3468,12274.33764076233
3469,11148.65622138977
3470,11170.39277458191
3471,11449.564965248108
3472,11362.009238243103
3473,11696.692884922028
3474,12331.962862968445
3475,12548.930653572083
3476,11616.489713668823
3477,12090.827179908752
3478,11692.028334140778
3479,11521.146211624146
3480,11613.353308677673
3481,11379.303864479065
3482,11493.952627182007
3483,11139.662444114685
3484,11437.768450737
3485,11911.219014167786
3486,11398.834115982056
3487,11580.411596298218
3488,11185.468036651611
3489,12933.598728179932
3490,11357.170251846313
3491,11742.101836204529
3492,14355.101927757263
3493,11350.393780708313
3494,11435.303369522095
3495,12045.305018424988
3496,12093.614820480347
3497,12105.755627155304
3498,12432.906998634338
3499,12543.524603366852
3500,12318.132025241852
3501,12800.785158157349
3502,12397.204769134521
3503,11207.408613204956
3504,11619.420035362244
3505,12161.980630874634
3506,12178.407138824463
3507,11539.048449516296
3508,12304.465802669525
3509,11941.705099105835
3510,11619.304266929626
3511,11197.407647132874
3512,11311.083985328674
3513,11496.6506690979
3514,11538.753953933716
3515,12729.036039590836
3516,11309.00810623169
3517,12561.704858779907
3518,11234.72454738617
3519,12315.366843223572
3520,11533.435152053833
3521,11298.114442825317
3522,11696.582020759583
3523,11150.150938034058
3524,11488.150782585144
3525,11608.800848960876
3526,11747.39243221283
3527,11761.67481803894
3528,11543.545315742493
3529,11548.477811813354
3530,11803.019877433777
3531,11777.434623241425
3532,11406.024360656738
3533,11142.083769798279
3534,11193.214626312256
3535,11356.8690700531
3536,13507.803652763367
3537,12193.78095626831
3538,11123.211123466492
3539,11153.833914756775
3540,11450.767786026001
3541,11519.206900596619
3542,11687.931297302246
3543,12140.841939926147
3544,11159.616320610046
3545,11071.611496925354
3546,11952.324284553528
3547,12139.007517337799
3548,12925.576519012451
3549,11564.251256942749
3550,11333.235672950745
3551,11227.14153289795
3552,12140.702473640442
3553,11959.176010131836
3554,12058.71671962738
3555,11665.824045181274
3556,11187.206956863403
3557,11713.710417747498
3558,11709.422505378723
3559,11954.281202316284
3560,12715.04949760437
3561,11905.134004592896
3562,11644.29160118103
3563,11436.918993473053
3564,11105.607293128967
3565,11973.225931167603
3566,12418.440872192383
3567,11281.875935554504
3568,11294.82881641388
3569,11399.39539527893
3570,11531.358150482178
3571,11488.122334480286
3572,11266.242816925049
3573,11337.247883796692
3574,11435.835047721863
3575,11163.675115585327
3576,11467.817865371704
3577,11629.348719596863
3578,11269.699226379395
3579,11474.810771942139
3580,11768.374683856964
3581,12647.59967136383
3582,11144.972638368607
3583,11189.539381980896
3584,11298.767518997192
3585,12160.986374855042
3586,12246.439352035522
3587,12581.513049125671
3588,11312.241770744324
3589,11542.93988609314
3590,12489.724199295044
3591,11783.928150177002
3592,11968.800818443298
3593,11357.006511688232
3594,11161.597319602966
3595,11377.017599105835
3596,11191.104111671448
3597,11590.129514694214
3598,11523.431864738464
3599,11156.267810821533
3600,12289.659748077393
3601,11094.599979400635
3602,11128.043642044067
3603,11417.673288345337
3604,11147.578450202942
3605,11129.023754119873
3606,12484.288170814514
3607,11352.069016456604
3608,12368.420334815979
3609,11730.920609474182
3610,11148.762508392334
3611,12049.51265335083
3612,11291.793518066406
3613,11421.428721427917
3614,11557.726046562195
3615,11978.937343597412
3616,11555.004320144653
3617,12521.672686576843
3618,12204.259696483612
3619,11837.986768722534
3620,12559.964025497437
3621,11221.14328956604
3622,11162.830089569092
3623,11954.983234405518
3624,11499.668177604675
3625,11753.300513267517
3626,11588.400184631348
3627,11807.97397518158
3628,12738.418859481812
3629,11155.883049964905
3630,11329.816249847412
3631,11226.710027694702
3632,12199.769925117493
3633,11055.510293960571
3634,11459.784756660461
3635,11234.954524040222
3636,11331.637516975403
3637,11392.486536979675
3638,11679.27515411377
3639,11245.099823951721
3640,11054.756772518158
3641,11310.969326972961
3642,11524.10297203064
3643,11723.40927696228
3644,11439.637042999268
3645,11371.948014259338
3646,11186.381432533264
3647,11323.55284690857
3648,11741.1630589962
3649,12027.54321861267
3650,13000.515682220459
3651,11377.952476501465
3652,11704.772414207458
3653,11840.444789886475
3654,11151.701176166534
3655,17776.46195411682
3656,11546.266180038452
3657,11278.762501716614
3658,12529.960688591003
3659,12405.202390670776
3660,11473.328149795532
3661,12351.96613407135
3662,13109.62569141388
3663,12682.527477264404
3664,12319.50464439392
3665,12063.714996814728
3666,12015.00025844574
3667,13301.533385276794
3668,12143.78952741623
3669,12774.705358505249
3670,11930.835753917694
3671,11474.704409599304
3672,12092.579337120056
3673,12099.47002029419
3674,12472.796627044678
3675,11215.960651397705
3676,11777.110608577728
3677,11429.015250205994
3678,11287.862616539001
3679,11927.363436698914
3680,12040.299640655518
3681,11093.542048454285
3682,11670.652234077454
3683,11376.404874801636
3684,12065.086843013763
3685,11115.328932762146
3686,11619.58025932312
3687,11713.416536331177
3688,11142.541731834412
3689,11612.695444107056
3690,11194.509366989136
3691,11397.8813829422
3692,11643.761445999146
3693,11954.992735862732
3694,11193.657460212708
3695,11089.244890213013
3696,11633.251613616943
3697,11499.309359550476
3698,11037.250116348267
3699,11323.214421272278
3700,11938.395600318909
3701,12069.945685386658
3702,11929.767072677612
3703,11688.914346694946
3704,11352.208506584167
3705,12667.749534606934
3706,11740.895015716553
3707,11541.478860855103
3708,11639.032225608826
3709,11138.909289836884
3710,11532.472522735596
3711,11558.977801322937
3712,11385.801853179932
3713,11499.596960067749
3714,11166.2779006958
3715,11316.840754508972
3716,11738.344107627869
3717,11233.752555847168
3718,12230.43099308014
3719,11340.293774604797
3720,11760.796866893768
3721,11138.920485496521
3722,11577.175357818604
3723,11105.765260696411
3724,11597.658060073853
3725,11055.192085266113
3726,11360.231019973755
3727,11954.777285575867
3728,11283.957259178162
3729,11681.760226249695
3730,11286.11214351654
3731,11349.796424627304
3732,11149.48622226715
3733,12047.743068695068
3734,10999.067021369934
3735,11396.586089134216
3736,11982.144943237305
3737,11069.375971794128
3738,11278.277985572815
3739,12224.989308357239
3740,12262.322501659393
3741,11595.204140663147
3742,11103.793224334717
3743,11448.72527217865
3744,11958.877241134644
3745,12094.671834945679
3746,12692.255236625671
3747,11340.033246994019
3748,11395.341676712036
3749,12044.629446029663
3750,11246.429602622986
3751,12489.429244995117
3752,11233.800980091095
3753,11255.892751693726
3754,11501.458836555481
3755,12132.216970443726
3756,11251.320033073425
3757,11239.117350578308
3758,11244.003935813904
3759,11327.879841804504
3760,11043.584774971008
3761,11145.526037216187
3762,11936.805534362793
3763,11277.151274681091
3764,11273.467613220215
3765,11785.41418838501
3766,11374.324787139893
3767,11901.250254631042
3768,12430.208241462708
3769,12084.880232810974
3770,11316.801789283752
3771,11882.64186668396
3772,11162.298616409302
3773,11653.942728996277
3774,11094.163513183594
3775,11275.994252204895
3776,11339.766355514526
3777,11231.602941513062
3778,11304.335782051086
3779,11117.187525749207
3780,11647.865759849548
3781,11140.135953903198
3782,11449.158697128296
3783,11085.289079666138
3784,11373.686022758484
3785,11794.605279922485
3786,11654.571113586426
3787,11443.279958724976
3788,11742.277116775513
3789,11262.54153251648
3790,11439.200685501099
3791,11266.963512420654
3792,12351.478980064392
3793,12009.43872833252
3794,11584.602192878723
3795,12195.353865623474
3796,11348.629808425903
3797,11504.701057434082
3798,11314.590572357178
3799,11180.767988204956
3800,12221.49239063263
3801,11286.707127571106
3802,11130.248767852783
3803,11416.014750480652
3804,11345.508056640625
3805,11807.419469833374
3806,14725.674127578735
3807,11630.723554611206
3808,11620.089668273926
3809,11207.42100429535
3810,11861.06987953186
3811,12169.51019001007
3812,12620.126255989075
3813,12289.303544998169
3814,12197.584894657135
3815,11979.566730499268
3816,12133.528450965881
3817,12453.219531059265
3818,11824.480041503906
3819,12434.021583557129
3820,11358.69740486145
3821,11232.862148284912
3822,11216.709251403809
3823,11201.67050075531
3824,11225.981298446655
3825,11811.076965332031
3826,11409.309741973877
3827,11892.23007106781
3828,13018.724604606628
3829,11181.03187084198
3830,12070.357748031616
3831,11208.78261756897
3832,11060.249532699585
3833,11123.559169769287
3834,11234.094128608704
3835,11290.79902267456
3836,11418.684819221497
3837,11262.481316566467
3838,11499.514113426208
3839,12064.628649711609
3840,11400.351489067078
3841,11410.0494222641
3842,12141.139497756958
3843,11071.69530582428
3844,11612.534532546997
3845,11229.141606330872
3846,11353.836968421936
3847,11832.035764694214
3848,11345.115343093872
3849,11283.849004745483
3850,11738.760025024414
3851,14267.939690589905
3852,13566.668662071228
3853,13774.164142608643
3854,11267.538969993591
3855,11673.091457366943
3856,11778.25262928009
3857,11726.763570785522
3858,11576.812984466553
3859,11639.20088005066
3860,11655.18627166748
3861,11482.32190322876
3862,11727.568898200989
3863,11789.139904975891
3864,11918.663701534271
3865,11296.815229415894
3866,11438.400548934937
3867,11374.849445343018
3868,11188.62649345398
3869,11473.848059654236
3870,11985.454801440239
3871,11572.51865196228
3872,12100.866550445557
3873,11196.168785095215
3874,11298.731832504272
3875,11995.669881820679
3876,11503.14172077179
3877,11331.094289779663
3878,11440.525361061096
3879,11273.424494743347
3880,11469.091407775879
3881,11336.640239715576
3882,11355.169808387756
3883,11318.340281486511
3884,11379.74730873108
3885,11757.695234298706
3886,11556.493611335754
3887,11550.78534412384
3888,11326.010637283325
3889,11269.566414833069
3890,11776.85375213623
3891,11645.354047775269
3892,11288.193014144897
3893,11522.032257080078
3894,11319.079363822937
3895,11263.51733970642
3896,11456.890943527222
3897,11497.468127250671
3898,11272.29898262024
3899,11061.803142547607
3900,11798.198221206665
3901,11165.106337547302
3902,12607.01915550232
3903,11123.290596961975
3904,11846.495376586914
3905,11223.582763671875
3906,11313.113162994385
3907,11417.42281627655
3908,11409.256956100464
3909,12340.610773086548
3910,11813.240871429443
3911,12363.588232040405
3912,11651.486785888672
3913,11989.875995635986
3914,11553.036458015442
3915,11538.724897384644
3916,11378.31013584137
3917,11487.143158912659
3918,12974.332430839539
3919,11064.861709594727
3920,11123.210192680359
3921,11440.55424785614
3922,11216.398135185242
3923,11428.341458320618
3924,11518.208638191223
3925,11329.045926094055
3926,11853.853627204895
3927,11172.552998542786
3928,11791.668242454529
3929,12576.745909690857
3930,11260.30242729187
3931,11658.288115024567
3932,11759.495211601257
3933,11259.70403766632
3934,12684.172329902649
3935,11808.485286712646
3936,11940.515133857727
3937,11264.295139312744
3938,11531.026124954224
3939,11283.710079193115
3940,11269.967650413513
3941,11555.228098869324
3942,11833.751737594604
3943,11694.721760749817
3944,11732.560161590576
3945,11091.7458152771
3946,15131.349361419678
3947,11118.696461677551
3948,11464.988330841064
3949,11147.639566421509
3950,12187.96392774582
3951,11562.510075569153
3952,11838.485843658447
3953,11386.876232147217
3954,11312.178626060486
3955,11696.698327064514
3956,11250.73537826538
3957,11128.527329444885
3958,11746.979661941528
3959,11144.132093429565
3960,11809.186026573181
3961,11361.288162231445
3962,11428.98537349701
3963,11118.776057243347
3964,11307.720643043518
3965,11476.531080245972
3966,15307.72309589386
3967,11173.805744171143
3968,11266.212182044983
3969,11443.133073806763
3970,11518.55693244934
3971,12029.653841018677
3972,11979.82497882843
3973,11486.456030845642
3974,11495.408241271973
3975,12114.248821258545
3976,11117.255712509155
3977,11148.962228775024
3978,11757.32601070404
3979,11691.195199012756
3980,12135.66600894928
3981,11494.379323005676
3982,11384.462818145752
3983,11347.65052986145
3984,11185.999897003174
3985,18799.48601436615
3986,11227.106275558472
3987,11107.94571685791
3988,11548.04474067688
3989,11334.444981575012
3990,11230.377941131592
3991,11770.534165382385
3992,11867.559404373169
3993,11194.572132110596
3994,11246.778489112854
3995,11210.987685203552
3996,11132.967418670654
3997,11593.92553138733
3998,11265.698076248169
3999,12072.883599281311
4000,11173.233592033386
4001,11077.821927070618
4002,11268.62696647644
4003,11144.508509635925
4004,11446.499479293823
4005,11313.720657348633
4006,11473.389638900757
4007,11511.032111167908
4008,11186.66128540039
4009,11350.316234588623
4010,11125.302624702454
4011,13972.211179733276
4012,11424.39153766632
4013,11497.884714126587
4014,11253.227643013
4015,11567.01314163208
4016,11406.65560054779
4017,11768.996375083923
4018,11991.105379104614
4019,11159.937547683716
4020,11565.48097705841
4021,11902.45081615448
4022,12314.661692619324
4023,11316.365743637085
4024,12053.665218353271
4025,11301.553400993347
4026,11312.655806541443
4027,11813.34728717804
4028,11207.82096004486
4029,11657.255478858948
4030,14028.264269828796
4031,11333.074496269226
4032,11229.742323875427
4033,11730.731137275696
4034,11469.959984779358
4035,11475.181539535522
4036,11259.020669937134
4037,12154.155974388123
4038,12324.060212135315
4039,11715.453272819519
4040,12419.487919807434
4041,11715.97845172882
4042,11565.146914482117
4043,11528.65228176117
4044,11599.564949035645
4045,11714.297291755676
4046,11451.951479911804
4047,11303.237577438354
4048,11705.42709350586
4049,11438.973865509033
4050,11279.922330856323
4051,11167.433854103088
4052,11793.74481678009
4053,11457.815608978271
4054,12380.886981964111
4055,11863.87228012085
4056,11919.601028442383
4057,11212.04993057251
4058,11065.735941886902
4059,11211.40347480774
4060,11363.369828224182
4061,11072.712895393372
4062,12014.389135360718
4063,12340.002153396606
4064,11933.3874168396
4065,11858.435430526733
4066,11292.89476966858
4067,11340.354192733765
4068,11622.610397338867
4069,11229.093503952026
4070,11509.036328315735
4071,11788.439005851746
4072,11357.732654571533
4073,11752.886260032654
4074,11267.2075881958
4075,11584.509380340576
4076,11232.173134803772
4077,11436.42727470398
4078,11340.124852180481
4079,11088.276116371155
4080,11391.784059524536
4081,11245.279956817627
4082,11305.41123867035
4083,11303.696120262146
4084,12624.387763023376
4085,11650.082360744476
4086,11175.031787872314
4087,11619.935565948486
4088,11077.163355827332
4089,11347.524671554565
4090,11390.45659828186
4091,11808.544954299927
4092,11551.080940246582
4093,11306.717720031738
4094,11326.610363960266
4095,11092.704564094543
4096,11174.057037353516
4097,11370.908751487732
4098,11764.63264465332
4099,11321.424997329712
4100,11493.869896888733
4101,11541.357073783875
4102,11551.538299560547
4103,11415.320685386658
4104,11220.443524360657
4105,11157.065418243408
4106,11608.69687461853
4107,12121.720439910889
4108,11221.09621810913
4109,11738.12608718872
4110,11251.893315315247
4111,11202.62408542633
4112,11120.289186477661
4113,11251.652346611023
4114,11352.288459777832
4115,11464.18551826477
4116,11330.081421852112
4117,11311.899711608887
4118,11526.396311759949
4119,11454.83028793335
4120,11261.591485977173
4121,12023.907968521118
4122,11344.50940990448
4123,11592.135391235352
4124,11450.709083557129
4125,11229.534567832947
4126,11540.920600891113
4127,11202.455704689026
4128,11133.090126037598
4129,11260.045642852783
4130,12859.791851043701
4131,12038.602663040161
4132,11181.444200515747
4133,11143.733082771301
4134,11199.185212135315
4135,11964.906039237976
4136,11550.061372756958
4137,11184.311764717102
4138,11924.228987693787
4139,11542.882024765015
4140,11325.219904899597
4141,11192.008839607239
4142,11368.8186044693
4143,11817.208339691162
4144,11734.089192390442
4145,11670.41634941101
4146,11202.652351379395
4147,11205.802225112915
4148,11345.796384811401
4149,11645.291188240051
4150,11342.832737922668
4151,11307.770865440369
4152,11332.627820968628
4153,11330.859906196594
4154,11629.073806762695
4155,11131.872268676758
4156,12036.725801467896
4157,11370.190790176392
4158,11266.790217399597
4159,11267.760851860046
4160,11487.747045516968
4161,11268.88133430481
4162,11030.637060165405
4163,11271.190599441528
4164,11245.106125831604
4165,11619.980731964111
4166,11750.668759346008
4167,11208.854978561401
4168,11368.967215538025
4169,12182.218943595886
4170,11171.808314323425
4171,11167.945268630981
4172,11476.162426948547
4173,11211.39437007904
4174,12052.64157295227
4175,11184.152354240417
4176,11129.967106819153
4177,11352.667569160461
4178,11119.26399230957
4179,11217.053787231445
4180,11608.682775497437
4181,11591.990935325623
4182,11679.965105056763
4183,11434.745958328247
4184,11271.337166786194
4185,11208.530875205994
4186,11912.898785591125
4187,11809.55018234253
4188,12375.711017608643
4189,11302.488768577576
4190,11467.206407546997
4191,11285.08814048767
4192,11204.166573524475
4193,11162.456020355225
4194,11468.696467399597
4195,11964.850149154663
4196,11776.599220275879
4197,11839.178618431091
4198,11194.567997932434
4199,11104.814960479736
4200,11144.32455253601
4201,11041.05765914917
4202,11172.49658203125
4203,11428.75437259674
4204,11351.498435974121
4205,11731.221116065979
4206,11202.69781589508
4207,12340.159417152405
4208,11331.402913093567
4209,11617.965361595154
4210,11448.858001708984
4211,11180.368879318237
4212,11172.539927482605
4213,11149.80382347107
4214,11259.174489974976
4215,11522.203382492065
4216,11583.91940689087
4217,11659.256059646606
4218,11215.514616012573
4219,11404.062093734741
4220,11261.748403549194
4221,11137.996257781982
4222,11183.91672706604
4223,11274.091205596924
4224,11234.846956253052
4225,11069.919736862183
4226,11342.771374702454
4227,11999.639261245728
4228,11435.56023979187
4229,11410.462051391602
4230,11319.8705368042
4231,11273.541540145874
4232,11229.634229660034
4233,11469.067841529846
4234,11288.377183914185
4235,11284.651008605957
4236,11079.599299430847
4237,11275.933094024658
4238,11325.832880020142
4239,11657.800251960754
4240,12467.249691963196
4241,11305.69448852539
4242,11415.581233024597
4243,11183.058413505554
4244,11630.777705192566
4245,12101.359412193298
4246,11143.95723438263
4247,12350.836806297302
4248,11108.535935401917
4249,11269.162279129028
4250,11285.202556610107
4251,11107.88777256012
4252,11875.660390853882
4253,11503.306367874146
4254,11682.441175460815
4255,11765.491916656494
4256,11547.794198989868
4257,11139.30782699585
4258,11072.216417312622
4259,11083.456634521484
4260,11659.0690574646
4261,11152.779088020325
4262,11284.295125961304
4263,11247.6141872406
4264,11825.515909194946
4265,11149.536202430725
4266,11165.126660346985
4267,11130.01981639862
4268,11611.464666366577
4269,11156.413194656372
4270,11378.1332321167
4271,11284.123537063599
4272,11852.841331481934
4273,11293.46073627472
4274,11195.069642066956
4275,11352.31446647644
4276,11311.584287643433
4277,11664.202040672302
4278,11610.553311347961
4279,11758.01063632965
4280,11097.00853729248
4281,11226.231412887573
4282,11710.72969532013
4283,11923.204796791077
4284,11178.34887599945
4285,11249.094694137573
4286,11712.665321350098
4287,11474.723545074463
4288,11799.02563047409
4289,11152.806829452515
4290,11462.31484413147
4291,11391.584774017334
4292,11384.064987182617
4293,12240.706045150757
4294,11336.672685623169
4295,11842.264847755432
4296,11327.708568572998
4297,11591.365200996399
4298,11329.478241920471
4299,11723.295776367188
4300,11643.517618179321
4301,11774.40362739563
4302,11230.817028999329
4303,11970.007820129395
4304,11227.881115913391
4305,11588.211999893188
4306,11150.150066375732
4307,12479.7131690979
4308,11153.806966781616
4309,11951.356883049011
4310,11336.29861164093
4311,11895.949436187744
4312,11384.859261512756
4313,11340.170179367065
4314,11121.070875167847
4315,11123.368889808655
4316,11475.238827705383
4317,11522.302926063538
4318,11412.44799232483
4319,11244.94896888733
4320,11265.088882446289
4321,11225.668939590454
4322,11556.75426864624
4323,11472.1742811203
4324,11194.39395904541
4325,11238.813344955444
4326,11140.3444814682
4327,11521.234300613403
4328,11092.32731628418
4329,11664.48288154602
4330,11069.847051620483
4331,11138.021649360657
4332,12108.291007041931
4333,11396.52165222168
4334,11331.128034591675
4335,11669.644945144653
4336,11536.483941078186
4337,12053.066339492798
4338,12072.576519012451
4339,11856.014588356018
4340,12517.924687385559
4341,12690.0515127182
4342,12105.757605552673
4343,11102.373585700989
4344,12233.202564239502
4345,11123.705101013184
4346,11244.73228931427
4347,11037.579215049744
4348,12546.472524642944
4349,11195.134715080261
4350,11615.940473556519
4351,11176.832631111145
4352,11656.786596298218
4353,11218.731189727783
4354,11112.195316314697
4355,11261.677503585815
4356,11280.350234031677
4357,11257.851881027222
4358,11530.524480819702
4359,11188.003396987915
4360,11488.790246963501
4361,12689.153901100159
4362,11285.072137832642
4363,11089.298198699951
4364,11340.896045684814
4365,11184.15657043457
4366,11074.164267539978
4367,11767.061867713928
4368,11227.775327682495
4369,11471.503270149231
4370,11259.79137134552
4371,11316.306228637695
4372,11367.018909454346
4373,11304.452350616455
4374,11107.969408988953
4375,11581.332988739014
4376,11351.373352050781
4377,11261.315195083618
4378,11740.216062545776
4379,11151.160343170166
4380,11598.636267662048
4381,11454.089756011963
4382,11454.115074157715
4383,11665.183693885803
4384,11384.088859558105
4385,11890.624814987183
4386,11304.13588142395
4387,11541.537897109985
4388,11158.902408599854
4389,11235.7692861557
4390,11516.249797821045
4391,12893.130425453186
4392,11808.426372528076
4393,11156.639448165894
4394,11332.278736114502
4395,11211.067993164062
4396,11432.216836929321
4397,11632.052059173584
4398,11381.947890281677
4399,11240.9451379776
4400,11262.00594997406
4401,11863.835494995117
4402,11163.352258682251
4403,11699.001343727112
4404,11354.577931404114
4405,11387.726154327393
4406,12136.525037765503
4407,11448.34504699707
4408,11645.738790512085
4409,11180.67088508606
4410,11618.541197776794
4411,12246.413860321045
4412,11477.717440605164
4413,11513.584606170654
4414,11366.971054077148
4415,11482.868999481201
4416,11847.47414302826
4417,12128.714816093445
4418,11836.06819152832
4419,11514.195402145386
4420,11711.961524963379
4421,11435.945887565613
4422,11705.48530292511
4423,11349.981895446777
4424,11322.456039428711
4425,11338.072246551514
4426,11249.20993423462
4427,13309.226148605347
4428,11157.642395973206
4429,11194.42656993866
4430,11457.18037223816
4431,11641.53602552414
4432,11240.551067352295
4433,11640.83688735962
4434,11340.684659957886
4435,12439.061845779419
4436,11445.489622116089
4437,11348.698406219482
4438,11624.073392868042
4439,11073.316793441772
4440,11300.465335845947
4441,11234.305513381958
4442,11266.204679489136
4443,11467.922565460205
4444,11221.597190856934
4445,11395.088347434998
4446,11375.49135684967
4447,11148.028804779053
4448,11224.95093345642
4449,11228.78549861908
4450,11278.971807479858
4451,11183.196407318115
4452,11897.260520935059
4453,11289.74046421051
4454,11276.686260223389
4455,11371.555167198181
4456,11187.140612602234
4457,11103.426255226135
4458,11509.751210212708
4459,11344.43684387207
4460,11193.051943778992
4461,11489.047366142273
4462,11178.268743515015
4463,11429.856496810913
4464,12034.740491867065
4465,11219.666835784912
4466,11159.88159275055
4467,11172.660604476929
4468,11397.510427474976
4469,11744.062627792358
4470,11654.290143966675
4471,11585.3260679245
4472,11109.010835647583
4473,11102.638381958008
4474,11760.18645477295
4475,11135.957595825195
4476,11224.620945930481
4477,11153.747492790222
4478,11288.059711456299
4479,11071.861953735352
4480,11085.182746887207
4481,11009.797988891602
4482,11502.71017074585
4483,11839.472807884216
4484,11749.694766998291
4485,11615.779502868652
4486,11465.332395553589
4487,11219.143132209778
4488,11303.577679634094
4489,11177.357669830322
4490,11613.332902908325
4491,11220.09532737732
4492,11256.180247306824
4493,11449.60238456726
4494,11142.615508079529
4495,11145.913352966309
4496,11411.500820159912
4497,11277.74753189087
4498,11104.668955802917
4499,11292.090446472168
4500,11432.810211658478
4501,11193.69341468811
4502,11339.272155761719
4503,11205.059000015259
4504,11198.528841018677
4505,12187.822758674622
4506,11677.433206558228
4507,11139.812710762024
4508,11225.02994632721
4509,11315.914402008057
4510,11379.894629478455
4511,11741.985929489136
4512,11657.386708259583
4513,11815.813303947449
4514,11305.655579566956
4515,11327.691497802734
4516,11312.645496368408
4517,11250.593605041504
4518,11601.102766036987
4519,11117.505588531494
4520,11939.29400062561
4521,11225.579303741455
4522,11485.615734100342
4523,11204.26689338684
4524,11252.369581222534
4525,11122.167727470398
4526,11626.40149307251
4527,11722.073398590088
4528,11134.489657402039
4529,11745.05575466156
4530,11400.650374412537
4531,11178.212997436523
4532,11852.168461799622
4533,11223.706775188446
4534,11199.312210083008
4535,11238.472473144531
4536,11234.749349594116
4537,13847.684404373169
4538,11734.703742027283
4539,11560.689082145691
4540,11196.96173286438
4541,11313.79480266571
4542,11705.99227142334
4543,11815.730227470398
4544,11928.911878585815
4545,11930.793926239014
4546,11586.233215332031
4547,12173.862712860107
4548,11291.686563491821
4549,11539.50264453888
4550,11438.963090896606
4551,11451.555704116821
4552,11260.701321601868
4553,11224.668771743774
4554,11405.924522399902
4555,11490.779824256897
4556,11378.002871513367
4557,11247.81966304779
4558,11442.054376602173
4559,12252.322081565857
4560,11800.300582885742
4561,12085.003881931305
4562,11838.552973747253
4563,12018.425277709961
4564,11853.166025161743
4565,11511.605066299438
4566,12516.219717025757
4567,11889.629051208496
4568,11711.845428466797
4569,11919.965223312378
4570,11415.915580749512
4571,11413.297793388367
4572,11463.640837669373
4573,11230.590797424316
4574,11081.496213912964
4575,11215.861001968384
4576,11451.452001571655
4577,12255.884592056274
4578,11398.963048934937
4579,11671.097487449646
4580,12917.153371810913
4581,11132.136018753052
4582,11449.509796142578
4583,11268.622579574585
4584,12068.322206497192
4585,11246.766547203064
4586,11889.334953308105
4587,11569.399123191833
4588,11532.377994537354
4589,11753.012914657593
4590,11937.298051834106
4591,11840.315547943115
4592,12174.457708358765
4593,11389.45637512207
4594,11176.118267059326
4595,11737.337972640991
4596,11234.26020526886
4597,11225.976245880127
4598,11186.123559951782
4599,11216.494944572449
4600,11238.378768920898
4601,11102.175764083862
4602,11162.129451751709
4603,11267.744585037231
4604,11089.478017807007
4605,11311.123315811157
4606,11260.206323623657
4607,11272.878485679626
4608,12001.700216293335
4609,11260.310143470764
4610,11485.042035102844
4611,11924.511186599731
4612,11133.237812042236
4613,11425.951871871948
4614,11693.493436813354
4615,11304.664882659912
4616,11291.936186790466
4617,11816.934288978577
4618,11231.967051506042
4619,11835.859312057495
4620,11872.243594169617
4621,11209.521193504333
4622,11416.444766998291
4623,11380.340101242065
4624,11147.112604141235
4625,11050.747407913208
4626,11181.549173355103
4627,11893.827545166016
4628,11149.685539245605
4629,11395.714330673218
4630,12949.9561252594
4631,11436.329563617706
4632,11403.000978469849
4633,11251.618768692017
4634,11192.037902832031
4635,11138.225659370422
4636,11097.455797195435
4637,11216.169179916382
4638,11600.338090896606
4639,11327.559743881226
4640,11351.156180381775
4641,11389.807649612427
4642,11411.052350997925
4643,11238.169063568115
4644,11364.382723808289
4645,11187.976148605347
4646,11196.128921508789
4647,11153.355692863464
4648,11302.373443603516
4649,11326.295581817627
4650,11390.189496994019
4651,11922.303022384644
4652,11600.171173095703
4653,11580.848143577576
4654,11119.665008544922
4655,11168.21849155426
4656,11073.212419509888
4657,11454.232912063599
4658,11494.014503479004
4659,11278.425923347473
4660,11236.16102218628
4661,11648.511044979095
4662,11034.048340797424
4663,11185.327179908752
4664,12747.74744796753
4665,14081.79033088684
4666,12263.71350479126
4667,11183.666006088257
4668,11171.320495605469
4669,11500.309173583984
4670,12089.37252998352
4671,12164.702276229858
4672,12393.585486412048
4673,11798.965299606323
4674,11139.452673912048
4675,12612.269788742065
4676,11971.7935628891
4677,12691.062540054321
4678,11872.52177810669
4679,11281.781373977661
4680,11850.359490394592
4681,11301.283317565918
4682,11167.235187530518
4683,11702.404204368591
4684,11462.374113082886
4685,11100.837226867676
4686,11547.800177574158
4687,11299.748814582825
4688,12595.167255401611
4689,11142.720703601837
4690,12690.585092544556
4691,11427.09772014618
4692,11094.938285827637
4693,12007.832305908203
4694,11396.842031478882
4695,12117.607822418213
4696,12613.729360580444
4697,12203.08972454071
4698,12395.842791557312
4699,12641.943393707275
4700,11826.40180015564
4701,11609.35255241394
4702,11600.878271102905
4703,11191.114009857178
4704,11540.980899810791
4705,11381.702165603638
4706,11736.49739074707
4707,11206.808783531189
4708,11176.406898498535
4709,11239.191442489624
4710,11284.999745368958
4711,12902.805529594421
4712,11345.913885116577
4713,11473.69197845459
4714,11716.899528503418
4715,11395.123205184937
4716,11105.49735736847
4717,11234.513258934021
4718,11171.987849235535
4719,12272.274703979492
4720,11505.057912826538
4721,11498.923955917358
4722,12343.391832351685
4723,12083.839387893677
4724,11619.18218421936
4725,11073.624551773071
4726,11314.651332855225
4727,12129.646184921265
4728,11298.76131439209
4729,11295.106328964233
4730,11190.665300369263
4731,11394.652108192444
4732,12193.949920654297
4733,11378.584740638733
4734,11420.910848617554
4735,11796.75269126892
4736,11255.21724319458
4737,11659.794551849365
4738,11207.995035171509
4739,11707.848197937012
4740,14880.871350288391
4741,11129.289694786072
4742,11805.700242996216
4743,11394.354265213013
4744,11918.923163414001
4745,11627.968519210815
4746,11219.958148956299
4747,11949.130098342896
4748,12383.89935874939
4749,11265.947763442993
4750,11989.937278747559
4751,11013.881049156189
4752,11238.139444351196
4753,11426.924050331116
4754,10987.026803970337
4755,11674.395971298218
4756,11288.761666297913
4757,11433.795770645142
4758,11761.815828323364
4759,11437.698716163635
4760,11448.539014816284
4761,11214.635210037231
4762,11292.129033088684
4763,11292.702264785767
4764,11429.635931015015
4765,11293.622706413269
4766,11236.262732505798
4767,11268.831045150757
4768,11630.078187942505
4769,11249.539878845215
4770,11309.548274040222
4771,11119.776775360107
4772,11113.87327671051
4773,11318.657857894897
4774,11604.483531951904
4775,11153.13995552063
4776,11117.497282028198
4777,11547.912908554077
4778,11214.214643478394
4779,11812.034368515015
4780,11771.307355880737
4781,11391.946116447449
4782,11062.530479431152
4783,11207.995449066162
4784,11738.349201202393
4785,11465.77457523346
4786,11183.664665222168
4787,11195.39102935791
4788,11171.93318939209
4789,11366.06685256958
4790,11183.143081665039
4791,11442.3284740448
4792,11700.697137832642
4793,11259.001024246216
4794,11495.05481338501
4795,11455.217948913574
4796,11348.556261062622
4797,11438.007865905762
4798,11581.567192077637
4799,11057.412384033203
4800,11098.445345878601
4801,11130.824053764343
4802,11295.207383155823
4803,11752.539716720581
4804,11551.321100234985
4805,11243.365060806274
4806,11519.063618659973
4807,11073.33150100708
4808,11112.252471923828
4809,11654.545694351196
4810,11453.224822044373
4811,11436.781434059143
4812,11210.730017662048
4813,11007.962789535522
4814,12758.78944015503
4815,11414.963896751404
4816,11238.825456142426
4817,11128.25182723999
4818,11480.764434814453
4819,11234.940221786499
4820,11838.211131095886
4821,11114.983214378357
4822,11233.847425460815
4823,11103.312679290771
4824,11140.631143569946
4825,11926.873672485352
4826,11257.433612823486
4827,11546.567038536072
4828,11359.241836071014
4829,11238.304300308228
4830,11309.862497329712
4831,10990.427125930786
4832,11250.355511665344
4833,11089.18270111084
4834,11496.939901351929
4835,11132.373129844666
4836,11353.641832351685
4837,11610.159198760986
4838,11458.605515480042
4839,11403.521270751953
4840,11843.52536201477
4841,11387.248371124268
4842,11390.645466804504
4843,11231.058037757874
4844,11509.819301605225
4845,11264.414138793945
4846,11132.89193725586
4847,11268.817741394043
4848,11240.615356445312
4849,11284.896797180176
4850,11196.15605354309
4851,11290.386025428772
4852,11028.179624557495
4853,11176.490571975708
4854,11367.135986328125
4855,12609.222423553467
4856,11051.748356819153
4857,11261.534174919128
4858,11330.273564338684
4859,11402.007593154907
4860,11234.15590763092
4861,11472.353032112122
4862,11582.025387763977
4863,12196.638841629028
4864,11793.096464157104
4865,11652.935911178589
4866,11924.89448261261
4867,11210.160902023315
4868,11345.221733093262
4869,11466.843618392944
4870,11358.386291503906
4871,11150.16789150238
4872,12557.63847541809
4873,11203.340713500977
4874,11121.730047225952
4875,11346.63814163208
4876,11325.590761184692
4877,11453.740531921387
4878,11286.538048744202
4879,11098.966234207153
4880,11436.999238967896
4881,11241.04683971405
4882,11331.322652816772
4883,12176.79471206665
4884,11602.354772567749
4885,11105.878190994263
4886,11149.315088272095
4887,11671.000917434692
4888,11321.827653884888
4889,11306.629972457886
4890,11735.375282287598
4891,11118.310695648193
4892,11337.735951423645
4893,11201.31442451477
4894,11410.54218673706
4895,11130.602952957153
4896,11595.231592178345
4897,11956.501383781433
4898,11526.766370773315
4899,11485.027568817139
4900,11729.368089675903
4901,11151.771585464478
4902,11219.735387802124
4903,11924.95609664917
4904,11126.825057983398
4905,11327.818447113037
4906,12568.914377212524
4907,11235.972777843475
4908,11435.33242225647
4909,11368.111282348633
4910,11456.136827468872
4911,11237.475387573242
4912,11283.843761444092
4913,11498.539573669434
4914,11240.232788085938
4915,11440.77604675293
4916,11944.484610557556
4917,11296.032968521118
4918,11467.759084701538
4919,11150.71559715271
4920,11183.096530914307
4921,11068.674162864685
4922,13288.914047241211
4923,11183.683910369873
4924,11278.271421432495
4925,11432.105121612549
4926,11114.251049041748
4927,11290.416592597961
4928,11690.393606185913
4929,11350.620286941528
4930,11543.837491035461
4931,11441.974626541138
4932,11691.58971786499
4933,11506.80249595642
4934,12049.892175674438
4935,11111.220531463623
4936,11531.295345306396
4937,11718.810328483582
4938,11895.475849151611
4939,11234.632575035095
4940,11313.648225784302
4941,11121.535858154297
4942,11514.437173843384
4943,11263.96796798706
4944,11179.12732887268
4945,13339.033774375916
4946,11173.625133514404
4947,11745.536643981934
4948,11150.109498977661
4949,12165.18091392517
4950,11860.066947937012
4951,11253.201855659485
4952,11766.058557510376
4953,12192.920558929443
4954,11969.247840881348
4955,11503.437742233276
4956,11536.35558128357
4957,11858.32205581665
4958,11562.509519577026
4959,11592.225967407227
4960,11757.741948127747
4961,12074.489200592041
4962,11098.093408584595
4963,11206.724088668823
4964,11094.628526687622
4965,11156.56155014038
4966,11565.054973602295
4967,11232.859622955322
4968,10994.185356140137
4969,12835.433204650879
4970,11424.479090213776
4971,11233.23769569397
4972,11519.843461990356
4973,11419.124188423157
4974,11560.186988830566
4975,11440.369594573975
4976,11388.571798324585
4977,12026.702854156494
4978,11830.047220230103
4979,11833.979396820068
4980,11111.18113899231
4981,11280.05885887146
4982,11143.18733215332
4983,12082.827993392944
4984,11460.122423171997
4985,11828.61019897461
4986,11519.80362701416
4987,11279.813914299011
4988,11123.436019897461
4989,11160.044860839844
4990,12253.886087417603
4991,11270.038640022278
4992,11141.517777442932
4993,11539.777978897095
4994,11254.936151504517
4995,11406.928407669067
4996,11309.528116226196
4997,11305.814817428589
4998,11201.44048500061
4999,11201.1032371521
